Date,Ticker,Actual_Return,Predicted_Return
2024-01-02 05:00:00,AAPL,-0.0074876071655812,0.001724131110745459
2024-01-03 05:00:00,AAPL,-0.0127001158094474,0.0030966686374717285
2024-01-04 05:00:00,AAPL,-0.0040130337619256,0.014387889690231808
2024-01-05 05:00:00,AAPL,0.0241748816639506,0.014251336248668194
2024-01-08 05:00:00,AAPL,-0.0022634090023235,-0.0023775553172285077
2024-01-09 05:00:00,AAPL,0.0056714003198625,0.006722409010521415
2024-01-10 05:00:00,AAPL,-0.0032225473744457,-0.00047502840158202215
2024-01-11 05:00:00,AAPL,0.001778122946098,-0.0005540637724204713
2024-01-12 05:00:00,AAPL,-0.0123170896551532,-0.0022026435531893457
2024-01-16 05:00:00,AAPL,-0.0051735129432551,0.0018131595330956507
2024-01-17 05:00:00,AAPL,0.0325706834113534,0.004862353954680696
2024-01-18 05:00:00,AAPL,0.0155330148965509,-0.001152185489537483
2024-01-19 05:00:00,AAPL,0.0121633005885899,0.0050911160328107686
2024-01-22 05:00:00,AAPL,0.0066532223951396,-0.0007434911944680451
2024-01-23 05:00:00,AAPL,-0.0034839261261312,-0.0008693437408123519
2024-01-24 05:00:00,AAPL,-0.0016966675118492,0.0008087340340263865
2024-01-25 05:00:00,AAPL,-0.0090127208966512,-0.0009729136116934684
2024-01-26 05:00:00,AAPL,-0.0035859185530209,0.0010731403958218143
2024-01-29 05:00:00,AAPL,-0.0192458275889703,0.001707848058929873
2024-01-30 05:00:00,AAPL,-0.0193575809381655,0.0001067670048564788
2024-01-31 05:00:00,AAPL,0.0133406008421461,0.0023632333086714436
2024-02-01 05:00:00,AAPL,-0.0054050867148506,0.004227157586183937
2024-02-02 05:00:00,AAPL,0.0098465779508576,0.004684338435321157
2024-02-05 05:00:00,AAPL,0.0086317691773099,-0.002348941509899512
2024-02-06 05:00:00,AAPL,0.0005810914346442,-0.003767947979300422
2024-02-07 05:00:00,AAPL,-0.0057546925548611,0.0007361659573138815
2024-02-08 05:00:00,AAPL,0.0028143519471321,-0.0009304838871451507
2024-02-09 05:00:00,AAPL,-0.0090019176705736,0.0009763674774753477
2024-02-12 05:00:00,AAPL,-0.0112743824694895,0.0034245777205434537
2024-02-13 05:00:00,AAPL,-0.0048097677363843,0.006789186354686369
2024-02-14 05:00:00,AAPL,-0.0015747667431138,0.004004217888379241
2024-02-15 05:00:00,AAPL,-0.0084303439933233,0.0046145862492343774
2024-02-16 05:00:00,AAPL,-0.004113872031395,0.003116894741584362
2024-02-20 05:00:00,AAPL,0.0041859978841418,0.0013019640377586639
2024-02-21 05:00:00,AAPL,0.0112438992464676,-0.0007355268826982026
2024-02-22 05:00:00,AAPL,-0.0100341210268554,0.0013131132880460866
2024-02-23 05:00:00,AAPL,-0.0074512413900748,0.005144313362040627
2024-02-26 05:00:00,AAPL,0.0081143806082326,-0.0017750404519429161
2024-02-27 05:00:00,AAPL,-0.006625454095802,0.0010482402987868505
2024-02-28 05:00:00,AAPL,-0.0036930778067882,0.005589025173637607
2024-02-29 05:00:00,AAPL,-0.0060304085083852,0.006744217511088257
2024-03-01 05:00:00,AAPL,-0.0253812616366736,0.00832271357964764
2024-03-04 05:00:00,AAPL,-0.028440952671264,0.0013652379824507482
2024-03-05 05:00:00,AAPL,-0.0058782037896906,0.00033307280418208964
2024-03-06 05:00:00,AAPL,-0.0007095264939214,-0.0011083530525604426
2024-03-07 05:00:00,AAPL,0.0102366611096986,0.005665894162660184
2024-03-08 05:00:00,AAPL,0.0118315722076429,-0.0028810079702827206
2024-03-11 04:00:00,AAPL,0.0027785570335112,-0.0020300179384859013
2024-03-12 04:00:00,AAPL,-0.0121225590054824,-0.007879562223901335
2024-03-13 04:00:00,AAPL,0.0109273363164341,0.00028352574057168684
2024-03-14 04:00:00,AAPL,-0.0021965600162572,-0.0049049076897962
2024-03-15 04:00:00,AAPL,0.0063724141735079,-0.004543335355129547
2024-03-18 04:00:00,AAPL,0.0135850828561374,-0.001197396640881188
2024-03-19 04:00:00,AAPL,0.014709202129471,0.0018640713423280287
2024-03-20 04:00:00,AAPL,-0.0408574641885602,0.0069375390876208155
2024-03-21 04:00:00,AAPL,0.0053101691546824,-0.008675134054974287
2024-03-22 04:00:00,AAPL,-0.0083003986876804,0.005544703116572938
2024-03-25 04:00:00,AAPL,-0.0066725159433574,0.0010577020475267221
2024-03-26 04:00:00,AAPL,0.0212126020995107,-0.0013298553407002538
2024-03-27 04:00:00,AAPL,-0.0105591244407927,0.006359714683688371
2024-03-28 04:00:00,AAPL,-0.0084557790084509,-0.0023470627573690377
2024-04-01 04:00:00,AAPL,-0.0069987793327629,-0.0016237867965119318
2024-04-02 04:00:00,AAPL,0.0047974270087802,-0.0013005136348655682
2024-04-03 04:00:00,AAPL,-0.0048923466084652,0.0006721743555092184
2024-04-04 04:00:00,AAPL,0.0045018035414272,-0.0019910924898028535
2024-04-05 04:00:00,AAPL,-0.0066635503633162,0.004716984486730202
2024-04-08 04:00:00,AAPL,0.0072425125723094,-0.002064772095191519
2024-04-09 04:00:00,AAPL,-0.0111392668712503,0.0018881516800028425
2024-04-10 04:00:00,AAPL,0.0432709176281849,0.003576419542373199
2024-04-11 04:00:00,AAPL,0.0086266557560741,0.004641034903245785
2024-04-12 04:00:00,AAPL,-0.0218634978398722,0.0013821787430269088
2024-04-15 04:00:00,AAPL,-0.0191672795865344,-0.002968317662388622
2024-04-16 04:00:00,AAPL,-0.0081473895562068,-0.0070503312564916655
2024-04-17 04:00:00,AAPL,-0.0057143256777808,0.001756323661525365
2024-04-18 04:00:00,AAPL,-0.0122126039758537,0.006021989183945567
2024-04-19 04:00:00,AAPL,0.0050908868963068,0.0059292650219951995
2024-04-22 04:00:00,AAPL,0.0063916882658032,0.0032778267555950585
2024-04-23 04:00:00,AAPL,0.0127022795296891,-0.0006586837925048421
2024-04-24 04:00:00,AAPL,0.0051472908247303,0.006615266926802818
2024-04-25 04:00:00,AAPL,-0.0034728138207679,0.0019051400152236115
2024-04-26 04:00:00,AAPL,0.0248080146044544,-2.133647634266208e-05
2024-04-29 04:00:00,AAPL,-0.0182708828181286,0.0025116478230856752
2024-04-30 04:00:00,AAPL,-0.0060470778384568,-0.0038193243451860254
2024-05-01 04:00:00,AAPL,0.0220318704093509,0.00018597339326804742
2024-05-02 04:00:00,AAPL,0.059816252537326,0.004110360861075526
2024-05-03 04:00:00,AAPL,-0.0091067625939508,-0.0022023983994377593
2024-05-06 04:00:00,AAPL,0.00379718869145,-0.003478625559912815
2024-05-07 04:00:00,AAPL,0.001864098728384,-0.006223070926737425
2024-05-08 04:00:00,AAPL,0.0100142375836971,-0.004769818975326849
2024-05-09 04:00:00,AAPL,-0.0082353806801929,-0.0033937404195907984
2024-05-10 04:00:00,AAPL,0.0176454284276945,0.0010843625894579754
2024-05-13 04:00:00,AAPL,0.0061734695298494,-0.002075780126439515
2024-05-14 04:00:00,AAPL,0.0122179407480591,-0.006644157025230244
2024-05-15 04:00:00,AAPL,0.0006324853279329,-0.005457228837100327
2024-05-16 04:00:00,AAPL,0.000158021385775,-0.0029391921699959207
2024-05-17 04:00:00,AAPL,0.0061621014327366,-0.0008339903479805474
2024-05-20 04:00:00,AAPL,0.0068572700137226,-0.0012583022698157637
2024-05-21 04:00:00,AAPL,-0.0075384047882527,0.004410376552519053
2024-05-22 04:00:00,AAPL,-0.0210580887490847,0.001490702532926199
2024-05-23 04:00:00,AAPL,0.0165881355079717,0.0003101993858052265
2024-05-24 04:00:00,AAPL,5.268852431927762e-05,0.005756009514012586
2024-05-28 04:00:00,AAPL,0.0015789661787208,0.0013024724062684137
2024-05-29 04:00:00,AAPL,0.0052551370817295,-0.0005069514463909822
2024-05-30 04:00:00,AAPL,0.0050185934840365,-0.0012012947911808833
2024-05-31 04:00:00,AAPL,0.0092587712837288,-0.00032839730244092
2024-06-03 04:00:00,AAPL,0.0016492672588361,0.0015874116506913202
2024-06-04 04:00:00,AAPL,0.0078208848260201,-0.0012898789479032634
2024-06-05 04:00:00,AAPL,-0.0070965406866776,0.0014640171345583631
2024-06-06 04:00:00,AAPL,0.0123920388474594,0.0002819129398698965
2024-06-07 04:00:00,AAPL,-0.0191477692323013,0.002066753411028158
2024-06-10 04:00:00,AAPL,0.0726491255904564,-0.0025598168506456138
2024-06-11 04:00:00,AAPL,0.0285783905486989,0.0023460561779234924
2024-06-12 04:00:00,AAPL,0.0054911443597267,-0.006811744414496986
2024-06-13 04:00:00,AAPL,-0.0081684090512023,-0.0014500264904843503
2024-06-14 04:00:00,AAPL,0.0196714789765286,-0.0011834563446674739
2024-06-17 04:00:00,AAPL,-0.0109844690216719,-0.0064295012057510315
2024-06-18 04:00:00,AAPL,-0.0215129065975376,-0.0026084008370798016
2024-06-20 04:00:00,AAPL,-0.0104444260736094,-0.006406312299401082
2024-06-21 04:00:00,AAPL,0.0031326515941789,-0.002053151952889657
2024-06-24 04:00:00,AAPL,0.0044681845743128,-0.002358502301750597
2024-06-25 04:00:00,AAPL,0.0199932679454066,-0.005808121497889083
2024-06-26 04:00:00,AAPL,0.003985960626099,-5.180438676843193e-05
2024-06-27 04:00:00,AAPL,-0.0162541377259257,-0.007676408475654683
2024-06-28 04:00:00,AAPL,0.0291045723337037,-0.011390311464474771
2024-07-01 04:00:00,AAPL,0.0162399274392659,-0.0048087864866526615
2024-07-02 04:00:00,AAPL,0.0058110444203451,-0.0010007741283073219
2024-07-03 04:00:00,AAPL,0.0216203711133049,-0.007473576099337509
2024-07-05 04:00:00,AAPL,0.006538884025246,-0.005309614081159388
2024-07-08 04:00:00,AAPL,0.003774845597027,-0.009508355206913665
2024-07-09 04:00:00,AAPL,0.0188035822524021,-0.01013729303407445
2024-07-10 04:00:00,AAPL,-0.0232208279789267,-0.005900061898538178
2024-07-11 04:00:00,AAPL,0.0130508672774383,-0.00927030102990682
2024-07-12 04:00:00,AAPL,0.0167433014781117,-0.0029264669930480565
2024-07-15 04:00:00,AAPL,0.0017918662059344,-0.009132028277322773
2024-07-16 04:00:00,AAPL,-0.0252959809902604,-0.0041134972538987525
2024-07-17 04:00:00,AAPL,-0.0205348309453142,-0.005921605391472195
2024-07-18 04:00:00,AAPL,0.0005799129586039,-0.0011372323742371271
2024-07-19 04:00:00,AAPL,-0.0015602998017735,-0.003711230981322036
2024-07-22 04:00:00,AAPL,0.0046882825571186,0.0031080466693698323
2024-07-23 04:00:00,AAPL,-0.0287542837147467,0.002226101648349971
2024-07-24 04:00:00,AAPL,-0.0048045567183393,-0.0066707820095645385
2024-07-25 04:00:00,AAPL,0.0021610244555254,-0.005650645808104106
2024-07-26 04:00:00,AAPL,0.001284633743219,0.0015564633657396093
2024-07-29 04:00:00,AAPL,0.0025659711533101,-0.007617234218917582
2024-07-30 04:00:00,AAPL,0.0149908534440055,-0.005405504689254983
2024-07-31 04:00:00,AAPL,-0.0167507258196667,-0.004967941373074514
2024-08-01 04:00:00,AAPL,0.0068693899789671,-0.004401311891938811
2024-08-02 04:00:00,AAPL,-0.0481669985831523,-0.006738670545081307
2024-08-05 04:00:00,AAPL,-0.0097482128507335,-0.0002737668125533776
2024-08-06 04:00:00,AAPL,0.0124982466345509,0.009134863474945638
2024-08-07 04:00:00,AAPL,0.0166332576139038,-0.0024651458607281014
2024-08-08 04:00:00,AAPL,0.0137359147161659,0.008941486036195257
2024-08-09 04:00:00,AAPL,0.0059655625849193,0.00484917391059329
2024-08-12 04:00:00,AAPL,0.0171930561952451,-0.0005164220283708091
2024-08-13 04:00:00,AAPL,0.0020337006352117,0.003817324966917486
2024-08-14 04:00:00,AAPL,0.0135305790342918,0.0015807629653632374
2024-08-15 04:00:00,AAPL,0.0059184844421056,-0.0005619456346018456
2024-08-16 04:00:00,AAPL,-0.0007078241979617,0.0019289958520310867
2024-08-19 04:00:00,AAPL,0.002744677138708,0.004596658589649454
2024-08-20 04:00:00,AAPL,-0.0004856324798871,-0.002720449430093248
2024-08-21 04:00:00,AAPL,-0.0082596959699677,0.00012014577992120606
2024-08-22 04:00:00,AAPL,0.0102881466670492,0.005002459232477563
2024-08-23 04:00:00,AAPL,0.0014988376978464,0.0001294290489029009
2024-08-26 04:00:00,AAPL,0.0037415535298863,0.0025538686884397917
2024-08-27 04:00:00,AAPL,-0.0067534679400813,0.0026040806398211634
2024-08-28 04:00:00,AAPL,0.0145701254489498,0.0014016615262201996
2024-08-29 04:00:00,AAPL,-0.0034378924636161,0.002789176735414862
2024-08-30 04:00:00,AAPL,-0.0272052215176379,-0.0005282462348857479
2024-09-03 04:00:00,AAPL,-0.0086187463847109,0.0006826155967023539
2024-09-04 04:00:00,AAPL,0.0069277733167902,0.0043527781436386226
2024-09-05 04:00:00,AAPL,-0.0070150082037089,0.0002493368907755598
2024-09-06 04:00:00,AAPL,0.0004075551802624,0.0019036682581431803
2024-09-09 04:00:00,AAPL,-0.0036213980285898,0.001977250678818407
2024-09-10 04:00:00,AAPL,0.0115851303652116,0.003093722939832756
2024-09-11 04:00:00,AAPL,0.000494029500325,-0.00030965198290232565
2024-09-12 04:00:00,AAPL,-0.001212031545013,-0.0035442961333737285
2024-09-13 04:00:00,AAPL,-0.0277752479810393,-0.005294593952389621
2024-09-16 04:00:00,AAPL,0.002172642132032,0.004124986845409393
2024-09-17 04:00:00,AAPL,0.017989802463465,0.005892502213730657
2024-09-18 04:00:00,AAPL,0.0370655334871956,0.008766162276589926
2024-09-19 04:00:00,AAPL,-0.0029274181117636,-0.0036817751669490505
2024-09-20 04:00:00,AAPL,-0.007581050616453,-0.002967256400669606
2024-09-23 04:00:00,AAPL,0.0039740093241191,0.0005070778717902665
2024-09-24 04:00:00,AAPL,-0.0043981177001151,0.002720613487231179
2024-09-25 04:00:00,AAPL,0.0050802190223049,9.556562262492162e-05
2024-09-26 04:00:00,AAPL,0.0011866605511687,0.0022454135863446112
2024-09-27 04:00:00,AAPL,0.0228719736047524,-0.0015908575543486917
2024-09-30 04:00:00,AAPL,-0.0291416020864069,0.00448058105608393
2024-10-01 04:00:00,AAPL,0.002519747352073,0.004131957866571729
2024-10-02 04:00:00,AAPL,-0.0048946142354988,-0.003052691239233122
2024-10-03 04:00:00,AAPL,0.0050073332387166,-0.004518534161781208
2024-10-04 04:00:00,AAPL,-0.0225308665855061,-0.007412559240098315
2024-10-07 04:00:00,AAPL,0.0184040858230989,-0.002009887943793159
2024-10-08 04:00:00,AAPL,0.0166983609085742,-0.0013652292267201302
2024-10-09 04:00:00,AAPL,-0.0021782696463562,0.0012377091389081977
2024-10-10 04:00:00,AAPL,-0.0065053714549913,-0.0042811648547604894
2024-10-11 04:00:00,AAPL,0.0164798943076569,-0.003042026692079681
2024-10-14 04:00:00,AAPL,0.0110246563688423,0.002190340297220021
2024-10-15 04:00:00,AAPL,-0.0088518591840549,0.001817066267604761
2024-10-16 04:00:00,AAPL,0.0015963203000093,0.0007874393098179793
2024-10-17 04:00:00,AAPL,0.0122765719510913,-0.0006437214136865595
2024-10-18 04:00:00,AAPL,0.0062978541597404,0.002734069468250507
2024-10-21 04:00:00,AAPL,-0.0026217655970434,-0.003897767112715571
2024-10-22 04:00:00,AAPL,-0.0216230225147033,0.0005368387562230387
2024-10-23 04:00:00,AAPL,-0.0008233107433689,-0.005908216414820543
2024-10-24 04:00:00,AAPL,0.0036431292501517,-0.004438991238389075
2024-10-25 04:00:00,AAPL,0.0085994131752433,-0.0014758992311334573
2024-10-28 04:00:00,AAPL,0.0011568306748999,-0.006077900462534509
2024-10-29 04:00:00,AAPL,-0.0152779222553363,-0.004173084657673347
2024-10-30 04:00:00,AAPL,-0.0182094842688588,-0.008314098123735902
2024-10-31 04:00:00,AAPL,-0.013279624414008,1.6757294748181817e-05
2024-11-01 04:00:00,AAPL,-0.0040375449306329,0.00027547403061849824
2024-11-04 05:00:00,AAPL,0.0064862054728884,-0.0024031212932241197
2024-11-05 05:00:00,AAPL,-0.0032669310248778,0.006067896623657315
2024-11-06 05:00:00,AAPL,0.0213721016556525,0.006260168788532317
2024-11-07 05:00:00,AAPL,-0.0022858669924306,-0.0002385371078913029
2024-11-08 05:00:00,AAPL,-0.0120285993371948,0.0014846588498894382
2024-11-11 05:00:00,AAPL,0.0,0.001756048835734783
2024-11-12 05:00:00,AAPL,0.0039691361843037,0.003083252700448145
2024-11-13 05:00:00,AAPL,0.013770460957508,0.010163091591769877
2024-11-14 05:00:00,AAPL,-0.0141091981573918,0.0033356868114695066
2024-11-15 05:00:00,AAPL,0.0134222412109372,-0.0046578945486706455
2024-11-18 05:00:00,AAPL,0.0011402267431119,0.005670523983062723
2024-11-19 05:00:00,AAPL,0.0031540267415159,0.003723714176438151
2024-11-20 05:00:00,AAPL,-0.0020960512119611,0.0006032117483758223
2024-11-21 05:00:00,AAPL,0.005907539031537,-0.00011334224613539563
2024-11-22 05:00:00,AAPL,0.0130508551082129,-2.7530272275229305e-05
2024-11-25 05:00:00,AAPL,0.0094043993959123,0.0016899007073550893
2024-11-26 05:00:00,AAPL,-0.0005530710633996,0.0013334134882971728
2024-11-27 05:00:00,AAPL,0.0102158482530818,0.001460523874333225
2024-11-29 05:00:00,AAPL,0.0095225824354256,0.0015133422035652124
2024-12-02 05:00:00,AAPL,0.0127718085285926,0.00189531098460496
2024-12-03 05:00:00,AAPL,0.0014836209330595,0.005737954998449714
2024-12-04 05:00:00,AAPL,0.0001234466893333,0.004439400719666151
2024-12-05 05:00:00,AAPL,-0.0008228972752097,0.0035023665754455972
2024-12-06 05:00:00,AAPL,0.0161011518739644,0.005429558835749618
2024-12-09 05:00:00,AAPL,0.0041337559167615,0.004270462977659976
2024-12-10 05:00:00,AAPL,-0.0051660764306613,0.0024737779465837583
2024-12-11 05:00:00,AAPL,0.0059637355995916,0.003136267469747209
2024-12-12 05:00:00,AAPL,0.0006855870476785,0.0022565588095551734
2024-12-13 05:00:00,AAPL,0.0117276764037248,0.008271392744749076
2024-12-16 05:00:00,AAPL,0.0097195765880424,0.004013245427733862
2024-12-17 05:00:00,AAPL,-0.0214217798931076,-0.0016200861709344753
2024-12-18 05:00:00,AAPL,0.0070146753193627,-0.0033826511514083242
2024-12-19 05:00:00,AAPL,0.0188158546513408,0.0037559594247389295
2024-12-20 05:00:00,AAPL,0.0030649485734628,0.003017812110545098
2024-12-23 05:00:00,AAPL,0.011478073747525,0.001335083852547671
2024-12-24 05:00:00,AAPL,0.0031757427105896,-0.0015740730411602172
2024-12-26 05:00:00,AAPL,-0.0132421929629538,-0.0005850729199071758
2024-12-27 05:00:00,AAPL,-0.0132634275136765,0.001903809488934566
2024-01-02 05:00:00,AMZN,-0.0097378211592079,-0.0023804052469417513
2024-01-03 05:00:00,AMZN,-0.0262678915903487,-0.00952616989946313
2024-01-04 05:00:00,AMZN,0.00463442024626,0.0016218997932281193
2024-01-05 05:00:00,AMZN,0.0265767038306345,0.0005567673061007993
2024-01-08 05:00:00,AMZN,0.0152246071143409,-0.007139385141661182
2024-01-09 05:00:00,AMZN,0.0155909406519072,-0.00150751133053551
2024-01-10 05:00:00,AMZN,0.009432101662268,-0.001481771975905075
2024-01-11 05:00:00,AMZN,-0.0036086969005325,-8.281951320916286e-05
2024-01-12 05:00:00,AMZN,-0.0094424492380276,0.0006164228294201508
2024-01-16 05:00:00,AMZN,-0.0094672036665724,0.0004977684330608116
2024-01-17 05:00:00,AMZN,0.0117987819320899,0.004924275825979284
2024-01-18 05:00:00,AMZN,0.0119869468266489,0.00025997076783409014
2024-01-19 05:00:00,AMZN,-0.0036049798622092,-0.001971000137285855
2024-01-22 05:00:00,AMZN,0.0080114065314873,-0.0012199721002843617
2024-01-23 05:00:00,AMZN,0.005447960655367,0.0011719777781800883
2024-01-24 05:00:00,AMZN,0.005609771850602,0.0012692312125841749
2024-01-25 05:00:00,AMZN,0.0086845966224247,0.0013432492736113308
2024-01-26 05:00:00,AMZN,0.0134489659082277,-0.002535692518487337
2024-01-29 05:00:00,AMZN,-0.0140146011647056,0.0005420734096179187
2024-01-30 05:00:00,AMZN,-0.0238993902626277,0.002722354125336387
2024-01-31 05:00:00,AMZN,0.0262886721087716,0.0008305304946397721
2024-02-01 05:00:00,AMZN,0.0786664921856183,0.006261921588281752
2024-02-02 05:00:00,AMZN,-0.008730574595861,0.0010169957477062577
2024-02-05 05:00:00,AMZN,-0.006811130754143,-0.006322186490068613
2024-02-06 05:00:00,AMZN,0.008158468416245,-0.0020505892109112488
2024-02-07 05:00:00,AMZN,-0.0040462232237464,-0.0015837534952394838
2024-02-08 05:00:00,AMZN,0.027143197772921,0.00047201413723258476
2024-02-09 05:00:00,AMZN,-0.0120951599155234,-0.0039940901665258335
2024-02-12 05:00:00,AMZN,-0.0214691715612431,0.0014869630201463885
2024-02-13 05:00:00,AMZN,0.0138756899096279,-0.003962692525544973
2024-02-14 05:00:00,AMZN,-0.0069013493114223,0.003328375605466623
2024-02-15 05:00:00,AMZN,-0.0017079419299743,-0.0005043914211287973
2024-02-16 05:00:00,AMZN,-0.0143353946936931,0.00180170555199194
2024-02-20 05:00:00,AMZN,0.0090375538082816,-0.005968570613444631
2024-02-21 05:00:00,AMZN,0.0355300173395745,0.004483109611200315
2024-02-22 05:00:00,AMZN,0.002348514479374,-0.006464817714157157
2024-02-23 05:00:00,AMZN,-0.0014858549486425,-0.002997213063355596
2024-02-26 05:00:00,AMZN,-0.0068105217793391,-0.004493791036146818
2024-02-27 05:00:00,AMZN,-0.0021896371944472,-0.0009125533503410478
2024-02-28 05:00:00,AMZN,0.0207899674785829,-0.00045967775311746506
2024-02-29 05:00:00,AMZN,0.0082598255218362,0.003940012388539096
2024-03-01 05:00:00,AMZN,-0.0035910637709842,0.0015166930044549739
2024-03-04 05:00:00,AMZN,-0.0194842137526215,0.003046860441392951
2024-03-05 05:00:00,AMZN,-0.0035033346396604,-0.006432153930302343
2024-03-06 05:00:00,AMZN,0.0190767847511654,0.008061043020515742
2024-03-07 05:00:00,AMZN,-0.0083135457516847,-0.00013533682638826978
2024-03-08 05:00:00,AMZN,-0.0193327588916489,-0.004348198887341131
2024-03-11 04:00:00,AMZN,0.0199464558145114,-0.0027656500247081484
2024-03-12 04:00:00,AMZN,0.0066708374081581,-0.0019293845682407118
2024-03-13 04:00:00,AMZN,0.0124037294499819,0.005383465637443777
2024-03-14 04:00:00,AMZN,-0.0242237864674388,-0.00013434539740476704
2024-03-15 04:00:00,AMZN,0.0003439832543492,-0.005693854600155677
2024-03-18 04:00:00,AMZN,0.0081384582973209,-0.0043786424790972535
2024-03-19 04:00:00,AMZN,0.0127913591703936,-0.002004927602146138
2024-03-20 04:00:00,AMZN,0.0,0.0013560578920166109
2024-03-21 04:00:00,AMZN,0.0040415450203241,-0.0029708223296391278
2024-03-22 04:00:00,AMZN,0.0046962130016794,-0.003343211454657795
2024-03-25 04:00:00,AMZN,-0.007845994154095,0.003951745914855883
2024-03-26 04:00:00,AMZN,0.0085810361924263,-0.0015021604965189225
2024-03-27 04:00:00,AMZN,0.0030584610251771,-0.00133142216004983
2024-03-28 04:00:00,AMZN,0.0032708522115514,0.0015675695050629415
2024-04-01 04:00:00,AMZN,-0.0015472110151306,0.0017180721237531934
2024-04-02 04:00:00,AMZN,0.0095190724304783,-0.0016340772845125815
2024-04-03 04:00:00,AMZN,-0.0132120147674221,0.00623845081413182
2024-04-04 04:00:00,AMZN,0.0281667073567708,0.0031564199192087704
2024-04-05 04:00:00,AMZN,0.0006483768975988,0.011480841871881278
2024-04-08 04:00:00,AMZN,0.0025919095048931,-0.00145219826063097
2024-04-09 04:00:00,AMZN,0.0015080453603608,-0.00040615724549948677
2024-04-10 04:00:00,AMZN,0.0166711812551332,-0.0017675993837236441
2024-04-11 04:00:00,AMZN,-0.0154456393642368,0.00423102284281005
2024-04-12 04:00:00,AMZN,-0.013485250630092,-0.0024123620266022984
2024-04-15 04:00:00,AMZN,-0.0016337425168609,0.004099947463868331
2024-04-16 04:00:00,AMZN,-0.0111281282097808,-0.0018601314061894086
2024-04-17 04:00:00,AMZN,-0.0113636229725582,-0.006494455155283589
2024-04-18 04:00:00,AMZN,-0.0256109603092693,-0.003130030584484902
2024-04-19 04:00:00,AMZN,0.014888568814227,0.005196300865782697
2024-04-22 04:00:00,AMZN,0.0130338972763108,-0.00020428058901294895
2024-04-23 04:00:00,AMZN,-0.0164308625295578,-0.005920549724650219
2024-04-24 04:00:00,AMZN,-0.0165354676340676,-0.007815333715244073
2024-04-25 04:00:00,AMZN,0.0342603616685368,-0.002406817303256488
2024-04-26 04:00:00,AMZN,0.0074602585074419,-0.01147445758691144
2024-04-29 04:00:00,AMZN,-0.0329354912286841,-0.004342389958421943
2024-04-30 04:00:00,AMZN,0.0228571428571429,0.0033676419574601964
2024-05-01 04:00:00,AMZN,0.0319553140821404,-0.00308435067679713
2024-05-02 04:00:00,AMZN,0.0080662921357597,0.0015201960444801593
2024-05-03 04:00:00,AMZN,0.0133719464292869,-0.002710482701221637
2024-05-06 04:00:00,AMZN,0.0003179520909597,-0.006713074014582956
2024-05-07 04:00:00,AMZN,-0.0040262477694047,-0.004659428251235239
2024-05-08 04:00:00,AMZN,0.0079787234042554,-0.002942817964195853
2024-05-09 04:00:00,AMZN,-0.0106596531528283,-0.006616685688582558
2024-05-10 04:00:00,AMZN,-0.0048537893325043,0.000495367454577711
2024-05-13 04:00:00,AMZN,0.0026799591594115,0.0030530419845050667
2024-05-14 04:00:00,AMZN,-0.0057732495256861,0.002187623484935961
2024-05-15 04:00:00,AMZN,-0.0126888571463499,-0.001317631169421193
2024-05-16 04:00:00,AMZN,0.0058268912322501,-0.004196890277768491
2024-05-17 04:00:00,AMZN,-0.006280474722663,-0.004016517356994795
2024-05-20 04:00:00,AMZN,-0.0021248741632043,-0.000506109651375846
2024-05-21 04:00:00,AMZN,-0.0001091401274257,-0.0009346078494527939
2024-05-22 04:00:00,AMZN,-0.011358061353112,-0.0047825422031672355
2024-05-23 04:00:00,AMZN,-0.0016570176564539,-0.00013409126892978843
2024-05-24 04:00:00,AMZN,0.0077454710732194,0.0021923142676226384
2024-05-28 04:00:00,AMZN,-0.0007136405620599,-0.005523770759129995
2024-05-29 04:00:00,AMZN,-0.0148335176621609,-0.005600385403264198
2024-05-30 04:00:00,AMZN,-0.0160607002296476,0.001345458038734592
2024-05-31 04:00:00,AMZN,0.0107684984708347,0.0023741868954953267
2024-06-03 04:00:00,AMZN,0.0056072671331974,0.0003143450020897767
2024-06-04 04:00:00,AMZN,0.0108174555649658,0.005930741640559833
2024-06-05 04:00:00,AMZN,0.0205207482665097,0.0019350751774060357
2024-06-06 04:00:00,AMZN,-0.0037837672877956,0.0020482467755991614
2024-06-07 04:00:00,AMZN,0.0149755532345856,0.003332394822961739
2024-06-10 04:00:00,AMZN,0.0009087895389932,0.002842112600221486
2024-06-11 04:00:00,AMZN,-0.0018159287809063,0.00025247165717765517
2024-06-12 04:00:00,AMZN,-0.0163732546877157,0.0041958780630355665
2024-06-13 04:00:00,AMZN,-0.0009247574783881,-0.0013836110019910142
2024-06-14 04:00:00,AMZN,0.0021779042170786,0.004224652906612064
2024-06-17 04:00:00,AMZN,-0.0067912638084333,0.0012571604416866595
2024-06-18 04:00:00,AMZN,0.0179968742894787,0.005003225021453937
2024-06-20 04:00:00,AMZN,0.0160128728092652,0.001684987837439459
2024-06-21 04:00:00,AMZN,-0.0185635417434159,0.004442258659067811
2024-06-24 04:00:00,AMZN,0.0041493182264449,-0.0019312387906366807
2024-06-25 04:00:00,AMZN,0.0390147279990187,-0.0010501934948616508
2024-06-26 04:00:00,AMZN,0.0218997235669515,-0.0035956464833388946
2024-06-27 04:00:00,AMZN,-0.0232499669527878,0.0020208133938448
2024-06-28 04:00:00,AMZN,0.0204398289689116,0.0004595345506601992
2024-07-01 04:00:00,AMZN,0.0141987986566385,0.0035923970575890947
2024-07-02 04:00:00,AMZN,-0.0120500183105467,0.0035067626384611738
2024-07-03 04:00:00,AMZN,0.0121969922909868,0.005966499422429244
2024-07-05 04:00:00,AMZN,-0.0035500335693359,0.0029557988981181236
2024-07-08 04:00:00,AMZN,0.0002509059834532,0.00742560660243355
2024-07-09 04:00:00,AMZN,0.0022574343157877,0.0057702078062245275
2024-07-10 04:00:00,AMZN,-0.0237248630745311,0.006131258685899682
2024-07-11 04:00:00,AMZN,-0.0028710461411535,-0.003367366318004064
2024-07-12 04:00:00,AMZN,-0.009100746683475,0.004772551710892388
2024-07-15 04:00:00,AMZN,0.0015566783408962,-0.0018577642418073173
2024-07-16 04:00:00,AMZN,-0.0263703838152171,-0.0007135919155193568
2024-07-17 04:00:00,AMZN,-0.0222422861634045,0.0013840011862934526
2024-07-18 04:00:00,AMZN,-0.0033741230867346,-0.0009273329987005098
2024-07-19 04:00:00,AMZN,-0.0031671589340361,-0.0007479632863784871
2024-07-22 04:00:00,AMZN,0.0211448948004513,0.0035443826207704793
2024-07-23 04:00:00,AMZN,-0.0299340256500882,-0.0006420239620948557
2024-07-24 04:00:00,AMZN,-0.0054194310546689,0.0027775867408997494
2024-07-25 04:00:00,AMZN,0.0147344665362931,0.0008834347876248169
2024-07-26 04:00:00,AMZN,0.0038355997163954,0.011648724014699567
2024-07-29 04:00:00,AMZN,-0.0081331346025947,0.0031994704765057887
2024-07-30 04:00:00,AMZN,0.0290021948101644,0.00011033701145821227
2024-07-31 04:00:00,AMZN,-0.0155631001701412,0.0006360010714402029
2024-08-01 04:00:00,AMZN,-0.0878470841762542,-0.003996871886116391
2024-08-02 04:00:00,AMZN,-0.0409767115790675,0.057713547381263705
2024-08-05 04:00:00,AMZN,0.0056513996967764,0.01040783821552925
2024-08-06 04:00:00,AMZN,0.0051874985158653,0.014972227219927138
2024-08-07 04:00:00,AMZN,0.0186152159474355,0.01727162066858314
2024-08-08 04:00:00,AMZN,0.0068757501125773,0.00415475527961464
2024-08-09 04:00:00,AMZN,-0.0008386209871871,0.012987870086889503
2024-08-12 04:00:00,AMZN,0.0205635048742591,0.012527808374404268
2024-08-13 04:00:00,AMZN,-0.0007636117446156,-0.0035223894696809303
2024-08-14 04:00:00,AMZN,0.044032862819634,0.00678904060880137
2024-08-15 04:00:00,AMZN,-0.0029843954627291,0.0014395417765540213
2024-08-16 04:00:00,AMZN,0.0065514722585799,-0.006523319273786156
2024-08-19 04:00:00,AMZN,0.0037033085938096,-0.007789982074786385
2024-08-20 04:00:00,AMZN,0.0068760939957759,-0.009474746361413865
2024-08-21 04:00:00,AMZN,-0.0220975832216521,-0.013019952536751311
2024-08-22 04:00:00,AMZN,0.0051665722937199,-0.004257336244124651
2024-08-23 04:00:00,AMZN,-0.0086985615936161,-0.0002798301900013187
2024-08-26 04:00:00,AMZN,-0.013561281383547,-0.00995595419258258
2024-08-27 04:00:00,AMZN,-0.0134010636024987,-0.007356699698207592
2024-08-28 04:00:00,AMZN,0.0077282906431195,-0.0016106452652107609
2024-08-29 04:00:00,AMZN,0.0370671918650049,-0.003747539775560903
2024-08-30 04:00:00,AMZN,-0.0126050420168066,-0.0031602416431137682
2024-09-03 04:00:00,AMZN,-0.0165673654975621,-0.0002467267333558235
2024-09-04 04:00:00,AMZN,0.0263081838713554,-0.0064254853836667155
2024-09-05 04:00:00,AMZN,-0.0365394346073523,0.0010869907485502677
2024-09-06 04:00:00,AMZN,0.0233968990087884,0.0006705402458175025
2024-09-09 04:00:00,AMZN,0.0236602582650182,0.006432877972934978
2024-09-10 04:00:00,AMZN,0.0276803182190445,0.0010598813974296445
2024-09-11 04:00:00,AMZN,0.0134402540110347,0.004267747578270047
2024-09-12 04:00:00,AMZN,-0.0027272433520636,-0.003633862473019512
2024-09-13 04:00:00,AMZN,-0.0085795809769242,0.0007247345455984902
2024-09-16 04:00:00,AMZN,0.0107631862173909,-0.001878731913786423
2024-09-17 04:00:00,AMZN,-0.0024080275860086,-0.001924714048726061
2024-09-18 04:00:00,AMZN,0.0184519797058015,-0.001724812917484947
2024-09-19 04:00:00,AMZN,0.0091115554369731,-0.0039177235337395444
2024-09-20 04:00:00,AMZN,0.0118997844815573,-0.0012249288771745452
2024-09-23 04:00:00,AMZN,0.0004126358007008,-0.00812770949873306
2024-09-24 04:00:00,AMZN,-0.007372694808574,0.0006095239317700784
2024-09-25 04:00:00,AMZN,-0.0071157488488743,-0.0002376663694869539
2024-09-26 04:00:00,AMZN,-0.0166876039981919,-0.0013233001634337272
2024-09-27 04:00:00,AMZN,-0.0087247932063523,-0.0015510814072922923
2024-09-30 04:00:00,AMZN,-0.0064401703238871,0.0016325667195353556
2024-10-01 04:00:00,AMZN,-0.0019986515757438,0.002011909957625957
2024-10-02 04:00:00,AMZN,-0.0151547297911681,-0.0017671742078932923
2024-10-03 04:00:00,AMZN,0.0250054277043618,-0.0030540743531411395
2024-10-04 04:00:00,AMZN,-0.030614935516868,-0.009596910416622879
2024-10-07 04:00:00,AMZN,0.0106194587197858,-0.000911324036796983
2024-10-08 04:00:00,AMZN,0.0134084770789975,0.00047699248947751926
2024-10-09 04:00:00,AMZN,0.0079926324035968,-0.011368132506541131
2024-10-10 04:00:00,AMZN,0.0116261103600026,-0.0035546491695713656
2024-10-11 04:00:00,AMZN,-0.006779016992029,-0.0051468962659782565
2024-10-14 04:00:00,AMZN,0.0007998782160802,-0.0019073571136052237
2024-10-15 04:00:00,AMZN,-0.0042623636920009,-0.005456657388281951
2024-10-16 04:00:00,AMZN,0.0034244710350397,-0.0026337273002930237
2024-10-17 04:00:00,AMZN,0.0077854568515487,-0.004794349393870914
2024-10-18 04:00:00,AMZN,0.0004233124965835,-0.0023665423128753503
2024-10-21 04:00:00,AMZN,0.0033320442144115,0.0003806619067235364
2024-10-22 04:00:00,AMZN,-0.0263046405622054,-0.0027429616839882475
2024-10-23 04:00:00,AMZN,0.0090411894767146,0.0001416653581932861
2024-10-24 04:00:00,AMZN,0.0077797881224108,-0.006570297133700902
2024-10-25 04:00:00,AMZN,0.0029814063415569,-0.004313489077187299
2024-10-28 04:00:00,AMZN,0.012951868195294,-0.0027550509568301795
2024-10-29 04:00:00,AMZN,0.0099564737109127,-0.0022494353489599314
2024-10-30 04:00:00,AMZN,-0.0328438850795353,-0.0024792489570779346
2024-10-31 04:00:00,AMZN,0.0618562186525604,0.003072208412166421
2024-11-01 04:00:00,AMZN,-0.0108623956754556,0.007363020313127443
2024-11-04 05:00:00,AMZN,0.0190009257528736,0.002466570701176906
2024-11-05 05:00:00,AMZN,0.038045094425517,-0.0034152860609399775
2024-11-06 05:00:00,AMZN,0.0142933351016993,-0.007953939559926097
2024-11-07 05:00:00,AMZN,-0.008902691496347,-0.004484500171981814
2024-11-08 05:00:00,AMZN,-0.0064367200741404,-0.0029783313503967557
2024-11-11 05:00:00,AMZN,0.0100077710349459,-0.0015835694005250473
2024-11-12 05:00:00,AMZN,0.0248432451793958,-0.006338504954216336
2024-11-13 05:00:00,AMZN,-0.0122373204170288,-0.008768296955723998
2024-11-14 05:00:00,AMZN,-0.0419424782314404,-0.0007698497910453039
2024-11-15 05:00:00,AMZN,-0.0044914054556441,-0.003243253454000622
2024-11-18 05:00:00,AMZN,0.0144273857518011,0.004464416523858911
2024-11-19 05:00:00,AMZN,-0.0084550888147134,-0.0056420575402927504
2024-11-20 05:00:00,AMZN,-0.0221805988352538,0.005131801454538326
2024-11-21 05:00:00,AMZN,-0.0063514957889496,-0.001043969342495063
2024-11-22 05:00:00,AMZN,0.0219663247682231,0.006874890632228665
2024-11-25 05:00:00,AMZN,0.0318193286632628,-0.00424007924727868
2024-11-26 05:00:00,AMZN,-0.0101991489991457,-0.003438519951657256
2024-11-27 05:00:00,AMZN,0.0104500526833892,0.0029313874613878283
2024-11-29 05:00:00,AMZN,0.0135649013059699,0.003621918955969779
2024-12-02 05:00:00,AMZN,0.0129561750299131,0.00026035262712641074
2024-12-03 05:00:00,AMZN,0.0221139484947241,0.002964620649366892
2024-12-04 05:00:00,AMZN,0.0109552592112629,0.0031167696494981178
2024-12-05 05:00:00,AMZN,0.0293810729443444,-0.0016382401985742606
2024-12-06 05:00:00,AMZN,-0.0041404327465993,-0.010189523417039562
2024-12-09 05:00:00,AMZN,-0.0046441818247836,-0.0014382185269545319
2024-12-10 05:00:00,AMZN,0.0231958824050713,-1.987696598716602e-05
2024-12-11 05:00:00,AMZN,-0.0056023335225718,-0.007679277164652332
2024-12-12 05:00:00,AMZN,-0.0065947263780657,-0.00937705757052093
2024-12-13 05:00:00,AMZN,0.0240481218695953,-0.00855946008267139
2024-12-16 05:00:00,AMZN,-0.0076417757921559,-0.016349238758293597
2024-12-17 05:00:00,AMZN,-0.0459874103599756,-0.006962224678394116
2024-12-18 05:00:00,AMZN,0.0125611688735933,-0.008087363382350981
2024-12-19 05:00:00,AMZN,0.0072999459529015,-0.002053979019611481
2024-12-20 05:00:00,AMZN,0.0006224408269077,-0.002127707055563531
2024-12-23 05:00:00,AMZN,0.0177286303050161,-0.003441020961669902
2024-12-24 05:00:00,AMZN,-0.0087317178491722,-9.565412800300274e-06
2024-12-26 05:00:00,AMZN,-0.0145342568042403,0.0013755949235878073
2024-12-27 05:00:00,AMZN,-0.0109497070312499,-0.00721680187489388
2024-01-02 05:00:00,GOOGL,0.0054280958959191,0.005636964153861001
2024-01-03 05:00:00,GOOGL,-0.0182119119827518,0.003694229824539033
2024-01-04 05:00:00,GOOGL,-0.004839091319473,2.5019758885344473e-05
2024-01-05 05:00:00,GOOGL,0.0229131415917414,0.00018088873007386346
2024-01-08 05:00:00,GOOGL,0.0151973542639436,0.00215334039099847
2024-01-09 05:00:00,GOOGL,0.0094359833973112,0.004482137785688459
2024-01-10 05:00:00,GOOGL,-0.0014056575060309,0.0032818551711694378
2024-01-11 05:00:00,GOOGL,0.0040117684268294,-0.0003209366776758682
2024-01-12 05:00:00,GOOGL,-0.0011215451115715,0.002508923600434121
2024-01-16 05:00:00,GOOGL,-0.0071584267888169,-0.00016492092798408165
2024-01-17 05:00:00,GOOGL,0.0142079203328782,0.0007040834545152967
2024-01-18 05:00:00,GOOGL,0.0202119406302492,0.005518626566768429
2024-01-19 05:00:00,GOOGL,-0.0026642941429101,0.007144782013986173
2024-01-22 05:00:00,GOOGL,0.0071921895572359,0.0021165551367876762
2024-01-23 05:00:00,GOOGL,0.0112894704699766,-0.0034441401778161867
2024-01-24 05:00:00,GOOGL,0.0213180782380828,0.0025904470763382466
2024-01-25 05:00:00,GOOGL,0.0021071135478196,0.003222527861232693
2024-01-26 05:00:00,GOOGL,0.0086733165402101,-0.0009871185371895033
2024-01-29 05:00:00,GOOGL,-0.0133540998392613,0.0012856904618247977
2024-01-30 05:00:00,GOOGL,-0.0750033019067037,-0.002216260493041442
2024-01-31 05:00:00,GOOGL,0.0075660065125946,0.0062803588852049395
2024-02-01 05:00:00,GOOGL,0.0086426834021866,0.0038057262628034922
2024-02-02 05:00:00,GOOGL,0.0091304098074636,0.001121281118952793
2024-02-05 05:00:00,GOOGL,0.0029232561883696,0.0018241746630403655
2024-02-06 05:00:00,GOOGL,0.0099929710036428,0.004822077144503889
2024-02-07 05:00:00,GOOGL,0.0025423278345844,0.002378029889239898
2024-02-08 05:00:00,GOOGL,0.0211774125168708,-0.0036202465791124717
2024-02-09 05:00:00,GOOGL,-0.0098657800047189,0.0006853581076260704
2024-02-12 05:00:00,GOOGL,-0.016200090892862,-0.007125638775920509
2024-02-13 05:00:00,GOOGL,0.0055119405754584,-0.013322908694995281
2024-02-14 05:00:00,GOOGL,-0.0217212424004038,-0.005376195844592419
2024-02-15 05:00:00,GOOGL,-0.0157596128925381,0.00025096582300140685
2024-02-16 05:00:00,GOOGL,0.0042697895423005,7.94422728827202e-05
2024-02-20 05:00:00,GOOGL,0.0101332765309609,0.0023673830274334342
2024-02-21 05:00:00,GOOGL,0.0108031796083067,0.0015689332900611142
2024-02-22 05:00:00,GOOGL,-0.0009021419066359,-0.0005132329162292695
2024-02-23 05:00:00,GOOGL,-0.0443873235040138,0.0018643203397105369
2024-02-26 05:00:00,GOOGL,0.00952240669368,-0.0009177451783820548
2024-02-27 05:00:00,GOOGL,-0.0180011514408392,-0.001987819931201135
2024-02-28 05:00:00,GOOGL,0.0152515160330282,0.0011123469467330647
2024-02-29 05:00:00,GOOGL,-0.0095334916958843,-0.002316199669669125
2024-03-01 05:00:00,GOOGL,-0.0276359435832029,-0.002219187312370697
2024-03-04 05:00:00,GOOGL,-0.0050994218481132,0.0009220924410307377
2024-03-05 05:00:00,GOOGL,-0.0095726561392099,0.0006795217912863851
2024-03-06 05:00:00,GOOGL,0.0226789278900252,0.001029754406965199
2024-03-07 05:00:00,GOOGL,0.0076648217135808,-0.0030110973250479078
2024-03-08 05:00:00,GOOGL,0.0166900114150749,-0.003974049394933625
2024-03-11 04:00:00,GOOGL,0.006028923092133,-0.003500971861132011
2024-03-12 04:00:00,GOOGL,0.0093140309468073,-0.0013690342558146682
2024-03-13 04:00:00,GOOGL,0.0236784675324193,0.004510739933664404
2024-03-14 04:00:00,GOOGL,-0.0134172840380277,0.004536589029919447
2024-03-15 04:00:00,GOOGL,0.0460405180422922,0.005164547110568585
2024-03-18 04:00:00,GOOGL,-0.0044013673396597,-0.0049005163897878476
2024-03-19 04:00:00,GOOGL,0.0116303252945955,-0.0016503957423477612
2024-03-20 04:00:00,GOOGL,-0.0076643764121739,-0.0037647979362803565
2024-03-21 04:00:00,GOOGL,0.0214769514760189,-0.007164904830602788
2024-03-22 04:00:00,GOOGL,-0.0046428130822175,-0.003769945630513006
2024-03-25 04:00:00,GOOGL,0.0039980730022242,0.0003660154898846885
2024-03-26 04:00:00,GOOGL,0.0013273840225174,0.002671726610225815
2024-03-27 04:00:00,GOOGL,0.0003976772090907,0.0036914278217874074
2024-03-28 04:00:00,GOOGL,0.0302127677643129,0.002561668800728851
2024-04-01 04:00:00,GOOGL,-0.0059811428497968,-0.0014396962414260671
2024-04-02 04:00:00,GOOGL,0.0023291965323375,-0.004197999021178974
2024-04-03 04:00:00,GOOGL,-0.0283372026951678,0.0016725431636463947
2024-04-04 04:00:00,GOOGL,0.0130871004894612,0.005761234658726296
2024-04-05 04:00:00,GOOGL,0.0154098760886269,0.003931330121466973
2024-04-08 04:00:00,GOOGL,0.0113012588377305,0.0040617391048564586
2024-04-09 04:00:00,GOOGL,-0.0029374629370264,0.008115361996588098
2024-04-10 04:00:00,GOOGL,0.0209427711364378,0.0017340132281933127
2024-04-11 04:00:00,GOOGL,-0.0105389115863224,0.006761222069021267
2024-04-12 04:00:00,GOOGL,-0.0181956203317541,0.009692239992431916
2024-04-15 04:00:00,GOOGL,-0.002970468242633,0.0018600486005520118
2024-04-16 04:00:00,GOOGL,0.0069300995240719,-0.0005588228754449152
2024-04-17 04:00:00,GOOGL,0.0034732956962304,-0.0022493593235000824
2024-04-18 04:00:00,GOOGL,-0.0123068921001801,-0.004149368111601656
2024-04-19 04:00:00,GOOGL,0.014212489411733,0.0017288405822305209
2024-04-22 04:00:00,GOOGL,0.0126695402035117,-0.0017505841818628853
2024-04-23 04:00:00,GOOGL,0.0054973487057652,-0.0001582819214574915
2024-04-24 04:00:00,GOOGL,-0.0196694827296556,-0.0025545419979084503
2024-04-25 04:00:00,GOOGL,0.1022435701810395,0.00030895930315889294
2024-04-26 04:00:00,GOOGL,-0.033730754025565,0.005026042951020918
2024-04-29 04:00:00,GOOGL,-0.0202828482755593,0.010511004183765963
2024-04-30 04:00:00,GOOGL,0.0066347330086848,-0.002834240071050172
2024-05-01 04:00:00,GOOGL,0.0168436134294849,0.0018894342084426138
2024-05-02 04:00:00,GOOGL,0.0037211042740727,0.001239486290798287
2024-05-03 04:00:00,GOOGL,0.0051423139326953,-0.00037754758700991235
2024-05-06 04:00:00,GOOGL,0.0187388089358224,-0.006175448141790155
2024-05-07 04:00:00,GOOGL,-0.0109196795164233,-0.0021103949776838885
2024-05-08 04:00:00,GOOGL,0.0034242638702011,0.000754287693553402
2024-05-09 04:00:00,GOOGL,-0.0077077710380905,0.002504146268812818
2024-05-10 04:00:00,GOOGL,0.0029054581138308,0.000385165156192079
2024-05-13 04:00:00,GOOGL,0.0070946964205536,-0.0021294456989577825
2024-05-14 04:00:00,GOOGL,0.0127392169519648,-0.0013759626975352124
2024-05-15 04:00:00,GOOGL,0.0096805879202501,-0.0041614283655732
2024-05-16 04:00:00,GOOGL,0.0107934605687574,-0.0015090115156675115
2024-05-17 04:00:00,GOOGL,0.0048847019327338,-0.0007167465366544944
2024-05-20 04:00:00,GOOGL,0.0052566580612454,-0.0022887967857668566
2024-05-21 04:00:00,GOOGL,-0.0082653987644371,-0.0017772793265023001
2024-05-22 04:00:00,GOOGL,-0.0160449129873589,-0.0022675492226454947
2024-05-23 04:00:00,GOOGL,0.00829733457842,-0.004414175314868571
2024-05-24 04:00:00,GOOGL,0.0080575367681521,-0.003043579000690662
2024-05-28 04:00:00,GOOGL,-0.0028344672182551,5.758707028265365e-05
2024-05-29 04:00:00,GOOGL,-0.0215462957228025,0.0015263821676622926
2024-05-30 04:00:00,GOOGL,0.0022659891247771,-0.002318997773052921
2024-05-31 04:00:00,GOOGL,0.0038840473562047,0.0035663679815153516
2024-06-03 04:00:00,GOOGL,0.0035802686593704,0.0051506285190441115
2024-06-04 04:00:00,GOOGL,0.0093216550927033,0.004578317266835213
2024-06-05 04:00:00,GOOGL,0.0075251812204073,0.0056540102985302675
2024-06-06 04:00:00,GOOGL,-0.012844390134946,0.004578843335543107
2024-06-07 04:00:00,GOOGL,0.0031525150281048,0.0015181082425289871
2024-06-10 04:00:00,GOOGL,0.0091994780920279,-0.0006606875644115701
2024-06-11 04:00:00,GOOGL,0.0066243811645958,0.00024202172359242096
2024-06-12 04:00:00,GOOGL,-0.0147926751973648,0.004642964651483326
2024-06-13 04:00:00,GOOGL,0.0093057181430971,0.0003001195869069799
2024-06-14 04:00:00,GOOGL,0.0025454619838289,0.005817475785800557
2024-06-17 04:00:00,GOOGL,-0.01213049587361,0.0027795011708848794
2024-06-18 04:00:00,GOOGL,0.006910770113514,-0.001245174733483948
2024-06-20 04:00:00,GOOGL,0.0188882687090883,0.00333146390208931
2024-06-21 04:00:00,GOOGL,-0.0022824898455959,0.005329161706602848
2024-06-24 04:00:00,GOOGL,0.0268385086811286,-0.0002280556659183867
2024-06-25 04:00:00,GOOGL,-0.0008150513366261,0.009354785367472487
2024-06-26 04:00:00,GOOGL,0.0083206370386594,-3.8342351443740354e-05
2024-06-27 04:00:00,GOOGL,-0.0175827069803954,0.0018051649902701228
2024-06-28 04:00:00,GOOGL,0.004611647679533,-0.005532800206562316
2024-07-01 04:00:00,GOOGL,0.0122957534972261,0.002278627412957672
2024-07-02 04:00:00,GOOGL,0.0031310829942512,0.005143469393001567
2024-07-03 04:00:00,GOOGL,0.0257238111661286,-0.00010585336437639283
2024-07-05 04:00:00,GOOGL,-0.0082371840185883,-0.003862296516308954
2024-07-08 04:00:00,GOOGL,-0.0002645244251217,-0.0029879938056552365
2024-07-09 04:00:00,GOOGL,0.0116414276536129,-0.0004764835582051035
2024-07-10 04:00:00,GOOGL,-0.0293439981508754,-0.0011061516256324541
2024-07-11 04:00:00,GOOGL,-0.0026944009283053,0.0015239978996445117
2024-07-12 04:00:00,GOOGL,0.0078888604165903,1.4107721495536315e-05
2024-07-15 04:00:00,GOOGL,-0.0139923906472531,0.0013932301362291114
2024-07-16 04:00:00,GOOGL,-0.0157676920691383,-0.007336999335291147
2024-07-17 04:00:00,GOOGL,-0.0183957670559025,-0.001995029002683396
2024-07-18 04:00:00,GOOGL,-0.0001688264893054,0.003393568564672049
2024-07-19 04:00:00,GOOGL,0.022571172037475,-0.0023446343349186748
2024-07-22 04:00:00,GOOGL,0.0006605114680295,-0.015031433611836988
2024-07-23 04:00:00,GOOGL,-0.0503877481798611,-0.0075881853070551486
2024-07-24 04:00:00,GOOGL,-0.0309911715935327,0.003694502918611235
2024-07-25 04:00:00,GOOGL,-0.0016738329826645,0.00717718168086526
2024-07-26 04:00:00,GOOGL,0.0151496932892027,0.017368847701645217
2024-07-29 04:00:00,GOOGL,0.0044829499929706,-0.004668503239791501
2024-07-30 04:00:00,GOOGL,0.0073404195741535,0.006639748277211649
2024-07-31 04:00:00,GOOGL,-0.004547037482949,0.012912118460454385
2024-08-01 04:00:00,GOOGL,-0.0240102540209582,0.009115836299730536
2024-08-02 04:00:00,GOOGL,-0.0444617994676911,-0.0017650217092374672
2024-08-05 04:00:00,GOOGL,-0.0060282996161205,0.007667596367592055
2024-08-06 04:00:00,GOOGL,0.0041064450239658,0.007396508615291893
2024-08-07 04:00:00,GOOGL,0.0194412752637886,-0.00020065518026444052
2024-08-08 04:00:00,GOOGL,0.0101215787323574,0.00044761141750652273
2024-08-09 04:00:00,GOOGL,-0.0084316300986819,0.00035010719793918474
2024-08-12 04:00:00,GOOGL,0.0115226474418514,0.00413657284839181
2024-08-13 04:00:00,GOOGL,-0.0230872835061751,-0.003118144895496854
2024-08-14 04:00:00,GOOGL,0.0057991392585048,0.001106592009765549
2024-08-15 04:00:00,GOOGL,0.0102914050260538,0.0032893169999036916
2024-08-16 04:00:00,GOOGL,0.0227662696503951,0.0013670696601663678
2024-08-19 04:00:00,GOOGL,0.0030599058765152,-0.006675903130859815
2024-08-20 04:00:00,GOOGL,-0.0079554170985335,-0.0013190304210614506
2024-08-21 04:00:00,GOOGL,-0.0123605847230315,-0.002358891869842153
2024-08-22 04:00:00,GOOGL,0.0111110624635006,-0.0017491914523217183
2024-08-23 04:00:00,GOOGL,0.0032605274776138,0.004918277686964904
2024-08-26 04:00:00,GOOGL,-0.0089071434383075,0.003550746324220729
2024-08-27 04:00:00,GOOGL,-0.0111123794853966,0.003406276423316754
2024-08-28 04:00:00,GOOGL,-0.0065705083458124,-0.0001223665112374104
2024-08-29 04:00:00,GOOGL,0.0098900118406997,-0.0036122886833089966
2024-08-30 04:00:00,GOOGL,-0.0368466403020302,0.002589107043256188
2024-09-03 04:00:00,GOOGL,-0.0057829413992104,-0.009739573799394233
2024-09-04 04:00:00,GOOGL,0.0050495913092489,-0.007150490533102206
2024-09-05 04:00:00,GOOGL,-0.0401933802049727,-0.008580568527830628
2024-09-06 04:00:00,GOOGL,-0.0146434633043407,-0.0011210387132054534
2024-09-09 04:00:00,GOOGL,-0.0003362453735479,0.003861273808818073
2024-09-10 04:00:00,GOOGL,0.0168168972044577,0.005260803704260409
2024-09-11 04:00:00,GOOGL,0.0233527301784639,-0.0005210888464062752
2024-09-12 04:00:00,GOOGL,0.0179068086414322,-0.0035610331687752216
2024-09-13 04:00:00,GOOGL,0.0038104332474522,0.0010584966917238257
2024-09-16 04:00:00,GOOGL,0.0079717182404606,0.003717214836206381
2024-09-17 04:00:00,GOOGL,0.0030755097404551,-0.0009225844324019294
2024-09-18 04:00:00,GOOGL,0.0145798252089979,0.004294928921005713
2024-09-19 04:00:00,GOOGL,0.0089428700733964,0.007734740435247708
2024-09-20 04:00:00,GOOGL,-0.010636287507343,5.292902910400063e-07
2024-09-23 04:00:00,GOOGL,0.0027184872784977,-0.005083705783003782
2024-09-24 04:00:00,GOOGL,-0.0049293722722527,-0.001067534390943957
2024-09-25 04:00:00,GOOGL,0.0076784332912014,0.0049343990407330705
2024-09-26 04:00:00,GOOGL,0.0074970887527447,0.006113486882049337
2024-09-27 04:00:00,GOOGL,0.011588955112169,0.005638287518848203
2024-09-30 04:00:00,GOOGL,0.0068736771039785,0.004933608577287489
2024-10-01 04:00:00,GOOGL,-0.0067669012853511,0.0005073664930136497
2024-10-02 04:00:00,GOOGL,0.0,-0.0005630290418522451
2024-10-03 04:00:00,GOOGL,0.0072349990584004,8.79748849202154e-05
2024-10-04 04:00:00,GOOGL,-0.0244223745401629,0.007485644854347118
2024-10-07 04:00:00,GOOGL,0.0085900674436996,-0.0022863939862361586
2024-10-08 04:00:00,GOOGL,-0.0153303576931845,0.00016703289673849846
2024-10-09 04:00:00,GOOGL,0.0013592068446406,0.00010001093098981887
2024-10-10 04:00:00,GOOGL,0.0071569820397614,0.0018356405087628048
2024-10-11 04:00:00,GOOGL,0.0105366403015414,0.004532012492633255
2024-10-14 04:00:00,GOOGL,0.003031037703989,0.0069670249398639935
2024-10-15 04:00:00,GOOGL,-0.0018131454102779,0.006477229959131148
2024-10-16 04:00:00,GOOGL,-0.0135021248297522,0.004618338217245623
2024-10-17 04:00:00,GOOGL,0.0030074603522454,0.004213118844371819
2024-10-18 04:00:00,GOOGL,0.0039775374039685,0.004544911631252048
2024-10-21 04:00:00,GOOGL,0.0065215579793038,0.004023271819449334
2024-10-22 04:00:00,GOOGL,-0.0142909084357153,0.004204722965077875
2024-10-23 04:00:00,GOOGL,-0.0003685806551398,-0.0018935516218126708
2024-10-24 04:00:00,GOOGL,0.0156711100825224,0.001431283197875186
2024-10-25 04:00:00,GOOGL,0.008773503423233,0.007361754831070555
2024-10-28 04:00:00,GOOGL,0.0177542672349173,-0.0010248514690394748
2024-10-29 04:00:00,GOOGL,0.028170758158974,0.008159450612852845
2024-10-30 04:00:00,GOOGL,-0.0192021436122605,0.0030637700469191105
2024-10-31 04:00:00,GOOGL,0.0010519120749179,0.005893919233564793
2024-11-01 04:00:00,GOOGL,-0.0119679366765128,0.0004069927314887392
2024-11-04 05:00:00,GOOGL,0.0029543842104176,-0.0002009723551650177
2024-11-05 05:00:00,GOOGL,0.0398844632648756,0.001739580781939509
2024-11-06 05:00:00,GOOGL,0.024021333777787,-0.0047103495246048396
2024-11-07 05:00:00,GOOGL,-0.0132779745310338,-0.010854138600174312
2024-11-08 05:00:00,GOOGL,0.0112139048587369,0.002490265804590207
2024-11-11 05:00:00,GOOGL,0.007041801889061,0.0019552432570313564
2024-11-12 05:00:00,GOOGL,-0.0150863908602523,-0.0022703832638717317
2024-11-13 05:00:00,GOOGL,-0.0184481382025883,0.0012047310802335233
2024-11-14 05:00:00,GOOGL,-0.0175987943140806,-0.0023808822526928015
2024-11-15 05:00:00,GOOGL,0.0162907847939346,-0.0015645609151620904
2024-11-18 05:00:00,GOOGL,0.0160866629568572,-0.004606087253985829
2024-11-19 05:00:00,GOOGL,-0.0120143692359777,-0.0005711814474365197
2024-11-20 05:00:00,GOOGL,-0.0474485228290062,-0.0057628712919853085
2024-11-21 05:00:00,GOOGL,-0.0171211017859418,-0.0007272952163969963
2024-11-22 05:00:00,GOOGL,0.0175406620903264,-0.003115914955018316
2024-11-25 05:00:00,GOOGL,0.0087682748238617,-0.006615541585256245
2024-11-26 05:00:00,GOOGL,0.0006504293609714,0.005309217740128601
2024-11-27 05:00:00,GOOGL,-0.0016545458037336,0.006015527892810926
2024-11-29 05:00:00,GOOGL,0.0150340845859855,0.0031571090758070073
2024-12-02 05:00:00,GOOGL,-0.0008747399292573,-0.005795403188045922
2024-12-03 05:00:00,GOOGL,0.0176841300575352,0.0015064284967392398
2024-12-04 05:00:00,GOOGL,-0.0099214072144487,-0.003913972414780597
2024-12-05 05:00:00,GOOGL,0.0119903112345751,-0.00445082857234566
2024-12-06 05:00:00,GOOGL,0.0037776222194372,-0.0004459260942198816
2024-12-09 05:00:00,GOOGL,0.0558818687610109,4.910941757370809e-05
2024-12-10 05:00:00,GOOGL,0.0552465076886021,-0.0015474370194064279
2024-12-11 05:00:00,GOOGL,-0.0176048479532685,0.0012904705558056207
2024-12-12 05:00:00,GOOGL,-0.0111481522963181,-0.00343929633177502
2024-12-13 05:00:00,GOOGL,0.0360341169211295,0.0002641782902597943
2024-12-16 05:00:00,GOOGL,-0.0063053262995688,-0.004419855236242214
2024-12-17 05:00:00,GOOGL,-0.0359226503850027,-0.00838448231995126
2024-12-18 05:00:00,GOOGL,0.0005838673774694,-0.000530631112633622
2024-12-19 05:00:00,GOOGL,0.0153838482827399,-0.0038764054570644196
2024-12-20 05:00:00,GOOGL,0.0168225336142167,-0.009137715110927171
2024-12-23 05:00:00,GOOGL,0.0076041498762238,-0.010853959259815511
2024-12-24 05:00:00,GOOGL,-0.0026005532876892,0.0034287386285323383
2024-12-26 05:00:00,GOOGL,-0.0145194862375239,0.0035967082307853055
2024-12-27 05:00:00,GOOGL,-0.0078853966434305,-0.0037881566306757564
2024-01-02 05:00:00,MSFT,-0.0007279882903079,-0.01598251163338818
2024-01-03 05:00:00,MSFT,-0.0071775596824095,-0.012125632149773231
2024-01-04 05:00:00,MSFT,-0.0005163951735217,-0.007018300108844394
2024-01-05 05:00:00,MSFT,0.0188715226142932,-0.0077248445171803235
2024-01-08 05:00:00,MSFT,0.002935776498834,-0.00742122737654179
2024-01-09 05:00:00,MSFT,0.0185741512813948,-0.013519277793432203
2024-01-10 05:00:00,MSFT,0.0048593565914965,0.00036972492984359387
2024-01-11 05:00:00,MSFT,0.0099836109745534,-0.005672107996960014
2024-01-12 05:00:00,MSFT,0.0046335309993372,-0.0022319360412988965
2024-01-16 05:00:00,MSFT,-0.0020498316946956,-0.004223809327754154
2024-01-17 05:00:00,MSFT,0.0112973884578879,-0.0017837583667447176
2024-01-18 05:00:00,MSFT,0.0121868087695249,-0.0010128108443312358
2024-01-19 05:00:00,MSFT,-0.005418023902871,-0.004027075722733871
2024-01-22 05:00:00,MSFT,0.0060275505586153,-0.0030736758023104747
2024-01-23 05:00:00,MSFT,0.0091752412086001,-0.003048496517843311
2024-01-24 05:00:00,MSFT,0.005738269009845,-0.003706545628962284
2024-01-25 05:00:00,MSFT,-0.0023217389600187,-0.004870386997304372
2024-01-26 05:00:00,MSFT,0.0143341882254561,-0.0055953809677854295
2024-01-29 05:00:00,MSFT,-0.0027579929694567,-0.005926629850978202
2024-01-30 05:00:00,MSFT,-0.0269463517567867,-0.008612837210040409
2024-01-31 05:00:00,MSFT,0.0155943770220543,-9.950696234577805e-05
2024-02-01 05:00:00,MSFT,0.0184258815788269,-0.004151668382402752
2024-02-02 05:00:00,MSFT,-0.0135450788086285,-0.0047289388457007146
2024-02-05 05:00:00,MSFT,-0.0003944377283787,-0.007801565677948465
2024-02-06 05:00:00,MSFT,0.0211102561462641,-0.013326630899959536
2024-02-07 05:00:00,MSFT,0.0001449041428873,-0.0034077404641624804
2024-02-08 05:00:00,MSFT,0.0155514299804653,-0.009424570151521634
2024-02-09 05:00:00,MSFT,-0.0125787140194806,-0.004337719305961371
2024-02-12 05:00:00,MSFT,-0.0215286861994055,-0.004188924031322914
2024-02-13 05:00:00,MSFT,0.0078016904238404,-0.009938689305353096
2024-02-14 05:00:00,MSFT,-0.0071552241706915,-0.007152186690193628
2024-02-15 05:00:00,MSFT,-0.0061491539133524,-0.009888683272592324
2024-02-16 05:00:00,MSFT,-0.0031430703889159,-0.007511594944824462
2024-02-20 05:00:00,MSFT,-0.0015144761692184,-0.011369107490024597
2024-02-21 05:00:00,MSFT,0.023546674109016,-0.013382254188602862
2024-02-22 05:00:00,MSFT,-0.003182309189887,-0.014118976810057096
2024-02-23 05:00:00,MSFT,-0.0068235800018459,-0.007753788432158507
2024-02-26 05:00:00,MSFT,-0.0001472188186086,-0.005786455152794776
2024-02-27 05:00:00,MSFT,0.0005889619807217,-0.006970878927421673
2024-02-28 05:00:00,MSFT,0.0145198013588001,-0.008065493270224355
2024-02-29 05:00:00,MSFT,0.0044966281928582,-0.007927224626229743
2024-03-01 05:00:00,MSFT,-0.0013958762268727,-0.010197662403630337
2024-03-04 05:00:00,MSFT,-0.0295720117954422,-0.010406377936055582
2024-03-05 05:00:00,MSFT,-0.0013907800002046,-0.0038832799156406617
2024-03-06 05:00:00,MSFT,0.0175334337455699,-0.007011589091316467
2024-03-07 05:00:00,MSFT,-0.0071369539111041,-0.0038725570745874994
2024-03-08 05:00:00,MSFT,-0.0041849544629084,-0.00824254920926025
2024-03-11 04:00:00,MSFT,0.026599451344446,-0.012236968719403234
2024-03-12 04:00:00,MSFT,-0.0004334248610824,-0.010175525949077214
2024-03-13 04:00:00,MSFT,0.0243796554285373,-0.016187857326726597
2024-03-14 04:00:00,MSFT,-0.0206951407923101,0.002029659024644045
2024-03-15 04:00:00,MSFT,0.0021612647506448,-0.009026983814071392
2024-03-18 04:00:00,MSFT,0.0098006236607606,-0.011129423660613728
2024-03-19 04:00:00,MSFT,0.0090648235471924,-0.0022977823800001402
2024-03-20 04:00:00,MSFT,0.0097358700559648,-0.0019020919112934527
2024-03-21 04:00:00,MSFT,-0.001467277383089,-0.00035796425046497965
2024-03-22 04:00:00,MSFT,-0.0137146172896027,4.792427506222316e-05
2024-03-25 04:00:00,MSFT,-0.0028614470439243,-0.0061249214663559705
2024-03-26 04:00:00,MSFT,-0.000521762655965,-0.007811016300592007
2024-03-27 04:00:00,MSFT,-0.0016847198049911,-0.009338102286003012
2024-03-28 04:00:00,MSFT,0.0091509937543854,-0.010375228178323965
2024-04-01 04:00:00,MSFT,-0.0073721761519115,-0.012304479050641732
2024-04-02 04:00:00,MSFT,-0.0023490656526194,-0.012424853869753744
2024-04-03 04:00:00,MSFT,-0.0061125157559831,-0.01014469351256449
2024-04-04 04:00:00,MSFT,0.0182827224121475,-0.008201049949999517
2024-04-05 04:00:00,MSFT,-0.0021855440397451,-0.0040503456764898246
2024-04-08 04:00:00,MSFT,0.0039803162014711,-0.010625677142173702
2024-04-09 04:00:00,MSFT,-0.0070845196169653,-0.011646402759224926
2024-04-10 04:00:00,MSFT,0.011033366730635,-0.01075749910791525
2024-04-11 04:00:00,MSFT,-0.0140910870527963,-0.008020047716306485
2024-04-12 04:00:00,MSFT,-0.0195780501719408,-0.015088646527947938
2024-04-15 04:00:00,MSFT,0.0022724395381017,-0.00927901255456141
2024-04-16 04:00:00,MSFT,-0.0066090750232039,-0.006799189628068797
2024-04-17 04:00:00,MSFT,-0.0183809425785056,-0.006966986730371146
2024-04-18 04:00:00,MSFT,-0.0127389963055363,-1.9066361775141803e-05
2024-04-19 04:00:00,MSFT,0.0046101331940293,-0.00019773100658341413
2024-04-22 04:00:00,MSFT,0.0164854748852947,-0.0019256409769481668
2024-04-23 04:00:00,MSFT,0.0036557896989453,0.00047087910493359795
2024-04-24 04:00:00,MSFT,-0.0244951573692722,-0.0041224227125188345
2024-04-25 04:00:00,MSFT,0.0182437816344358,-0.0028543239565190824
2024-04-26 04:00:00,MSFT,-0.0100167534230505,-0.0030655233467419118
2024-04-29 04:00:00,MSFT,-0.0321193621572016,-0.01480123674766373
2024-04-30 04:00:00,MSFT,0.014409411200335,-0.004525416613405444
2024-05-01 04:00:00,MSFT,0.0073428720275419,-0.013819694570555435
2024-05-02 04:00:00,MSFT,0.0221697350829648,-0.016251223275546997
2024-05-03 04:00:00,MSFT,0.0169183219909894,-0.01990063091486629
2024-05-06 04:00:00,MSFT,-0.0101562415249962,-0.00636504327561269
2024-05-07 04:00:00,MSFT,0.002931578193597,-0.011619576129496873
2024-05-08 04:00:00,MSFT,0.0043357498471483,-0.004466346236097541
2024-05-09 04:00:00,MSFT,0.0058691862319775,-0.0023963405077177344
2024-05-10 04:00:00,MSFT,-0.0024593457049932,-0.00595166758186076
2024-05-13 04:00:00,MSFT,0.0068645371978899,-0.010104900064253472
2024-05-14 04:00:00,MSFT,0.0156519806315649,-0.0025219138544997546
2024-05-15 04:00:00,MSFT,-0.0049399555739412,-0.0035470604832573706
2024-05-16 04:00:00,MSFT,-0.0018527727437477,0.0012444668194521414
2024-05-17 04:00:00,MSFT,0.0122081934916602,-0.003865906561489776
2024-05-20 04:00:00,MSFT,0.0086989519887332,-0.003831173595309327
2024-05-21 04:00:00,MSFT,0.0034495162205718,3.349543481763296e-05
2024-05-22 04:00:00,MSFT,-0.0081761337533623,-0.0003883653629283096
2024-05-23 04:00:00,MSFT,0.0074004769604434,-0.004503445155153513
2024-05-24 04:00:00,MSFT,0.0003719631317353,-0.00270228024792853
2024-05-28 04:00:00,MSFT,-0.0026724155905165,-0.0037151886640019423
2024-05-29 04:00:00,MSFT,-0.0337861442932372,-0.0018379766573679145
2024-05-30 04:00:00,MSFT,0.0011092951990325,-0.003606425930131476
2024-05-31 04:00:00,MSFT,-0.0038783413634365,-0.009689868149170368
2024-06-03 04:00:00,MSFT,0.0061666143797043,-0.005956615303653742
2024-06-04 04:00:00,MSFT,0.0190833328565762,-0.008833222393590969
2024-06-05 04:00:00,MSFT,0.0012027528508791,-0.0044067549307586626
2024-06-06 04:00:00,MSFT,-0.0015782128698177,-0.00762620666913221
2024-06-07 04:00:00,MSFT,0.009484461379694,-0.010090718178142295
2024-06-10 04:00:00,MSFT,0.0112417267242037,-0.007430635518822287
2024-06-11 04:00:00,MSFT,0.0193676736263879,-0.006997560074533043
2024-06-12 04:00:00,MSFT,0.0011789530144428,-0.0007298551464680164
2024-06-13 04:00:00,MSFT,0.0022419964266002,-0.0010773566083427232
2024-06-14 04:00:00,MSFT,0.0131052436834466,-0.002085898076869169
2024-06-17 04:00:00,MSFT,-0.0045275080879716,-0.0027220396920444225
2024-06-18 04:00:00,MSFT,-0.0014338489405166,-0.003182331691950944
2024-06-20 04:00:00,MSFT,0.0091541091777451,-0.0038662887874540957
2024-06-21 04:00:00,MSFT,-0.0046911498005447,-0.004298516930614891
2024-06-24 04:00:00,MSFT,0.0073268226169149,-0.0041589267680238575
2024-06-25 04:00:00,MSFT,0.0026832052829006,-0.005885831949593453
2024-06-26 04:00:00,MSFT,0.0015260138796395,-0.007984730833549343
2024-06-27 04:00:00,MSFT,-0.0130285830119557,-0.008783784620912265
2024-06-28 04:00:00,MSFT,0.0218816389130482,-0.007013352507674735
2024-07-01 04:00:00,MSFT,0.0055831404366486,-0.004071498571295475
2024-07-02 04:00:00,MSFT,0.0032441870717976,-0.009026642169000912
2024-07-03 04:00:00,MSFT,0.0147362213399717,-0.008405449763262334
2024-07-05 04:00:00,MSFT,-0.0028231827596699,-0.006482052135080862
2024-07-08 04:00:00,MSFT,-0.0143702424283362,-0.008910270247619556
2024-07-09 04:00:00,MSFT,0.0146015392137988,-0.008101539107120416
2024-07-10 04:00:00,MSFT,-0.0247720917811661,-0.004637335714542405
2024-07-11 04:00:00,MSFT,-0.0025291937171509,-0.007764909176369229
2024-07-12 04:00:00,MSFT,0.0009039878142307,-0.013266181212507267
2024-07-15 04:00:00,MSFT,-0.009780602971585,-0.011454833237156238
2024-07-16 04:00:00,MSFT,-0.0133475710683412,-0.0102578325635001
2024-07-17 04:00:00,MSFT,-0.0071022591416669,-0.0030277943731685537
2024-07-18 04:00:00,MSFT,-0.0074028880300018,-0.005831036874781476
2024-07-19 04:00:00,MSFT,0.013337643351146,-0.003934068216328949
2024-07-22 04:00:00,MSFT,0.0043121046904359,0.0020559066207654834
2024-07-23 04:00:00,MSFT,-0.0358548094597973,-0.009857729331449199
2024-07-24 04:00:00,MSFT,-0.0244812314045734,0.001081556285706063
2024-07-25 04:00:00,MSFT,0.016419682641982,0.00770844279540591
2024-07-26 04:00:00,MSFT,0.0034331648373364,0.00335038635301356
2024-07-29 04:00:00,MSFT,-0.0089283562451758,-0.006223700591651012
2024-07-30 04:00:00,MSFT,-0.0108058431361032,0.001576161861615032
2024-07-31 04:00:00,MSFT,-0.0029640748986777,-0.0012767807940056801
2024-08-01 04:00:00,MSFT,-0.0206660003833811,-0.004622117666759238
2024-08-02 04:00:00,MSFT,-0.032656850000747,0.00123642710484726
2024-08-05 04:00:00,MSFT,0.0112868316435972,0.0016110360719099536
2024-08-06 04:00:00,MSFT,-0.0029528608369059,0.00019593720677374388
2024-08-07 04:00:00,MSFT,0.0106919906732312,0.006400299144035334
2024-08-08 04:00:00,MSFT,0.0082693549680317,-0.0023948204449517336
2024-08-09 04:00:00,MSFT,0.0019457380579734,0.004867238126655863
2024-08-12 04:00:00,MSFT,0.0176987100863819,0.007655415888366382
2024-08-13 04:00:00,MSFT,0.0068838325613211,0.005412779172403497
2024-08-14 04:00:00,MSFT,0.010003391004818,0.009492108276266696
2024-08-15 04:00:00,MSFT,-0.0060803210365437,0.000881775459585893
2024-08-16 04:00:00,MSFT,0.0073123462844828,-0.006947198618746727
2024-08-19 04:00:00,MSFT,0.0077574289448947,-0.011071476014460567
2024-08-20 04:00:00,MSFT,-0.0015536091419403,-0.01183988291356015
2024-08-21 04:00:00,MSFT,-0.0202528093525644,-0.009492871117382385
2024-08-22 04:00:00,MSFT,0.0029840471384416,-0.013287484633309452
2024-08-23 04:00:00,MSFT,-0.0079177001436953,-0.010972367047816905
2024-08-26 04:00:00,MSFT,0.0008464681413864,-0.010546014467758158
2024-08-27 04:00:00,MSFT,-0.0078290891722548,-0.00135892456844499
2024-08-28 04:00:00,MSFT,0.0061373331130358,-0.011580341325297373
2024-08-29 04:00:00,MSFT,0.0097308762073102,-0.0075945141026454235
2024-08-30 04:00:00,MSFT,-0.0184590591567215,-0.005908659417738834
2024-09-03 04:00:00,MSFT,-0.0013188954222889,-0.012281660154057746
2024-09-04 04:00:00,MSFT,-0.0012471979840038,-0.008954589898370734
2024-09-05 04:00:00,MSFT,-0.0163814055227703,-0.007871468081919407
2024-09-06 04:00:00,MSFT,0.0100074406062002,-0.00603378581541918
2024-09-09 04:00:00,MSFT,0.0209011410845265,-0.009539611155369271
2024-09-10 04:00:00,MSFT,0.021342337222028,-0.007232163627545673
2024-09-11 04:00:00,MSFT,0.009360796556096,-0.004614012847107073
2024-09-12 04:00:00,MSFT,0.0084074855688305,-0.0030481664173568446
2024-09-13 04:00:00,MSFT,0.0017417961549934,-0.003663784323219246
2024-09-16 04:00:00,MSFT,0.0088329336276276,-0.006897369696124378
2024-09-17 04:00:00,MSFT,-0.0099735640555312,-0.0006122725200419855
2024-09-18 04:00:00,MSFT,0.0182911374561143,-0.0022914123349036726
2024-09-19 04:00:00,MSFT,-0.0077959684713608,-0.0007005194534967075
2024-09-20 04:00:00,MSFT,-0.0040434196991964,-0.0009055165002850961
2024-09-23 04:00:00,MSFT,-0.0100112944110264,-0.0006964566543124618
2024-09-24 04:00:00,MSFT,0.0068503665956223,-0.005656279844413715
2024-09-25 04:00:00,MSFT,-0.0018513522484741,-0.00410840333124809
2024-09-26 04:00:00,MSFT,-0.0076279440855644,-0.008561255351602227
2024-09-27 04:00:00,MSFT,0.0053268511700843,-0.008885631465403023
2024-09-30 04:00:00,MSFT,-0.0223332224591792,-0.008800631365573897
2024-10-01 04:00:00,MSFT,-0.0084622822932181,-0.010924832264082786
2024-10-02 04:00:00,MSFT,-0.0014144183611446,-0.009014053023032612
2024-10-03 04:00:00,MSFT,-0.0011523766660612,-0.008278414019325036
2024-10-04 04:00:00,MSFT,-0.0156707903954492,-0.005958322934362365
2024-10-07 04:00:00,MSFT,0.0126238775267035,0.001120815578069964
2024-10-08 04:00:00,MSFT,0.0066311399692859,-0.00603707663456999
2024-10-09 04:00:00,MSFT,-0.0038805996990056,-0.0031849672623347858
2024-10-10 04:00:00,MSFT,0.001154316541351,-0.00454328637883526
2024-10-11 04:00:00,MSFT,0.0067736531384678,-0.003917297183099854
2024-10-14 04:00:00,MSFT,-0.0009543932816771,-0.004952548977976048
2024-10-15 04:00:00,MSFT,-0.0062568543207947,-0.009628727204776168
2024-10-16 04:00:00,MSFT,0.0014419064465927,-0.010001755292054174
2024-10-17 04:00:00,MSFT,0.0034555635371185,-0.010532867928675561
2024-10-18 04:00:00,MSFT,0.0014826743633005,-0.012709460437604536
2024-10-21 04:00:00,MSFT,0.020846294024966,-0.005348692506011694
2024-10-22 04:00:00,MSFT,-0.0068068667297515,-0.0015086665281063244
2024-10-23 04:00:00,MSFT,0.000306182008817,-0.006231044170656354
2024-10-24 04:00:00,MSFT,0.0080521338772698,-0.004285356244874171
2024-10-25 04:00:00,MSFT,-0.003643577206195,-0.004289242167749774
2024-10-28 04:00:00,MSFT,0.0125647950377514,-0.006625873550660519
2024-10-29 04:00:00,MSFT,0.001342716878979,-0.0010030197552418467
2024-10-30 04:00:00,MSFT,-0.0605275766991132,-0.0016657429450882702
2024-10-31 04:00:00,MSFT,0.009892922242624,0.007903215488829454
2024-11-01 04:00:00,MSFT,-0.0046543453099292,-0.0024671311464865607
2024-11-04 05:00:00,MSFT,0.0073446605855151,-4.9729092578184015e-05
2024-11-05 05:00:00,MSFT,0.021192828954927,-0.008098440921272258
2024-11-06 05:00:00,MSFT,0.0124946453698737,-0.005883731167777703
2024-11-07 05:00:00,MSFT,-0.0067930897694414,-0.0068845462044339
2024-11-08 05:00:00,MSFT,-0.0107208753909401,-0.008141657105082247
2024-11-11 05:00:00,MSFT,0.0120092555115762,-0.00794971590378006
2024-11-12 05:00:00,MSFT,0.0051296915916041,-0.0037148395770228355
2024-11-13 05:00:00,MSFT,0.0039746058158232,-0.007931467364963704
2024-11-14 05:00:00,MSFT,-0.0278526417588601,-0.000784272496528845
2024-11-15 05:00:00,MSFT,0.0018313488328314,-0.0035014622071285056
2024-11-18 05:00:00,MSFT,0.0048826215403479,-0.006170221399035591
2024-11-19 05:00:00,MSFT,-0.0055052018083375,-0.010811955486796157
2024-11-20 05:00:00,MSFT,-0.0063057959969374,-0.0041536939540366856
2024-11-21 05:00:00,MSFT,0.0100031606356869,-0.0070873459916085116
2024-11-22 05:00:00,MSFT,0.0042925864386615,-0.007222197216305593
2024-11-25 05:00:00,MSFT,0.0219680066423224,-0.00812846016140344
2024-11-26 05:00:00,MSFT,-0.011682516213199,-0.0023272746267600612
2024-11-27 05:00:00,MSFT,0.0011111402906784,-0.008217577878202159
2024-11-29 05:00:00,MSFT,0.0177585124521681,-0.0075872297108884375
2024-12-02 05:00:00,MSFT,0.0005104673420925,-0.0038015416368031257
2024-12-03 05:00:00,MSFT,0.0144248632760164,-0.0033610162331855365
2024-12-04 05:00:00,MSFT,0.0118878458457003,-0.0018797253611643788
2024-12-05 05:00:00,MSFT,0.0021463382077435,0.0012695072029459706
2024-12-06 05:00:00,MSFT,0.0055233258538651,-0.0013924169641694787
2024-12-09 05:00:00,MSFT,-0.0060311253030496,-0.0007712218621868706
2024-12-10 05:00:00,MSFT,0.0127670219329654,0.0016835218519561596
2024-12-11 05:00:00,MSFT,0.0012695323651228,-0.0029815199168884716
2024-12-12 05:00:00,MSFT,-0.0050938885963122,-0.0018787394933102901
2024-12-13 05:00:00,MSFT,0.0096586120918715,-0.0010663991321948462
2024-12-16 05:00:00,MSFT,0.0063553115446783,-0.005420865139080975
2024-12-17 05:00:00,MSFT,-0.0375610111508086,-0.005829830480932287
2024-12-18 05:00:00,MSFT,-0.0008231003385616,-0.006214720505062918
2024-12-19 05:00:00,MSFT,-0.0009838973914428,-0.012854250866021585
2024-12-20 05:00:00,MSFT,-0.0030920890623981,-0.010715417558456135
2024-12-23 05:00:00,MSFT,0.0093738921821151,-0.009974880304353293
2024-12-24 05:00:00,MSFT,-0.0027769586825197,-0.003282391443424883
2024-12-26 05:00:00,MSFT,-0.0173015608539098,-0.008760391482221271
2024-12-27 05:00:00,MSFT,-0.0132395238965757,-0.008525327834484673
2024-01-02 05:00:00,NVDA,-0.0124356218349446,-0.002853587152743699
2024-01-03 05:00:00,NVDA,0.0090184963377493,-0.0027934104964859735
2024-01-04 05:00:00,NVDA,0.0228967664961532,0.00986849188353887
2024-01-05 05:00:00,NVDA,0.0642808770827887,-0.003639799613677441
2024-01-08 05:00:00,NVDA,0.016975122300572,0.0018576816109351856
2024-01-09 05:00:00,NVDA,0.022770024433014,0.004156903053611584
2024-01-10 05:00:00,NVDA,0.0086844551117155,0.0027168565893828166
2024-01-11 05:00:00,NVDA,-0.0020429665934603,0.00035030035193962507
2024-01-12 05:00:00,NVDA,0.0305611572471091,0.0032417126215547915
2024-01-16 05:00:00,NVDA,-0.0058351701935351,0.006625625214559296
2024-01-17 05:00:00,NVDA,0.0188035789948495,0.005884211815701552
2024-01-18 05:00:00,NVDA,0.0417462439021587,0.017070795974347998
2024-01-19 05:00:00,NVDA,0.002739879920814,-0.005498582536587487
2024-01-22 05:00:00,NVDA,0.0036712001288148,0.026951660044980362
2024-01-23 05:00:00,NVDA,0.0248692797381746,0.0059701243559595685
2024-01-24 05:00:00,NVDA,0.0041556838131804,-0.0031301344557253196
2024-01-25 05:00:00,NVDA,-0.0095104004469394,-0.0005024096127007504
2024-01-26 05:00:00,NVDA,0.0234962881846325,-0.0033713212894580812
2024-01-29 05:00:00,NVDA,0.0049467398888232,0.0003371845103216692
2024-01-30 05:00:00,NVDA,-0.0198648782586253,-0.0007754682784040664
2024-01-31 05:00:00,NVDA,0.0243795405201607,-0.0027677538922840864
2024-02-01 05:00:00,NVDA,0.0497089059232604,-0.004333456708469562
2024-02-02 05:00:00,NVDA,0.0479443303315465,-0.0060275785904461985
2024-02-05 05:00:00,NVDA,-0.0159955164707855,-0.02114843494709587
2024-02-06 05:00:00,NVDA,0.0274980499601604,-0.007424170796591551
2024-02-07 05:00:00,NVDA,-0.0065336194451555,0.0006879685698176639
2024-02-08 05:00:00,NVDA,0.035783582028235,0.0023021136029832295
2024-02-09 05:00:00,NVDA,0.0015942475512229,0.0030653515037101075
2024-02-12 05:00:00,NVDA,-0.0016609836224839,0.009431350131658607
2024-02-13 05:00:00,NVDA,0.0245674802339463,0.008847385317847054
2024-02-14 05:00:00,NVDA,-0.016806554382767,0.012181798910548398
2024-02-15 05:00:00,NVDA,-0.0006193147447206,0.000598084202084881
2024-02-16 05:00:00,NVDA,-0.0435320883115589,0.005006804719157896
2024-02-20 05:00:00,NVDA,-0.0285089451383813,0.0025567002023709263
2024-02-21 05:00:00,NVDA,0.1640088017558281,0.00511442925474635
2024-02-22 05:00:00,NVDA,0.0035524118446885,0.004032103890112764
2024-02-23 05:00:00,NVDA,0.0034891142925232,-0.015938205117731682
2024-02-26 05:00:00,NVDA,-0.0049436915939011,-0.0055125790664531495
2024-02-27 05:00:00,NVDA,-0.0131890882232819,-0.003704577810339652
2024-02-28 05:00:00,NVDA,0.0186575004825901,-0.01310187564531949
2024-02-29 05:00:00,NVDA,0.040031851507247,-0.009364539566657138
2024-03-01 05:00:00,NVDA,0.0359508526749521,-0.015602289495431541
2024-03-04 05:00:00,NVDA,0.0085291291299893,-0.012053294409183212
2024-03-05 05:00:00,NVDA,0.0318272783968507,-0.01357073611662963
2024-03-06 05:00:00,NVDA,0.0447463574585633,-0.009127566680792029
2024-03-07 05:00:00,NVDA,-0.0554770086160316,-0.01709245869185729
2024-03-08 05:00:00,NVDA,-0.0200392766335409,0.0021090399945752937
2024-03-11 04:00:00,NVDA,0.071571802532695,-0.011281332783398166
2024-03-12 04:00:00,NVDA,-0.0111518664760945,-0.017807699670220802
2024-03-13 04:00:00,NVDA,-0.0323915173435925,-0.0005158398785261143
2024-03-14 04:00:00,NVDA,-0.0012167090194183,0.012109195478467512
2024-03-15 04:00:00,NVDA,0.0070358033560582,0.00665337306614966
2024-03-18 04:00:00,NVDA,0.0106607967207792,0.005706812624008976
2024-03-19 04:00:00,NVDA,0.0108950870807313,0.00347291198541673
2024-03-20 04:00:00,NVDA,0.0117624473427679,-0.0062395231586457826
2024-03-21 04:00:00,NVDA,0.0312134738607181,-0.005948612527611111
2024-03-22 04:00:00,NVDA,0.0075618303879194,-0.0036571142124242452
2024-03-25 04:00:00,NVDA,-0.025694216125117,0.0007675449006760291
2024-03-26 04:00:00,NVDA,-0.0249672873450759,0.001432781436426213
2024-03-27 04:00:00,NVDA,0.0011745463447889,0.004865171997906053
2024-03-28 04:00:00,NVDA,7.742877692407113e-05,0.009477013493135839
2024-04-01 04:00:00,NVDA,-0.0100815100633997,0.011394366281777767
2024-04-02 04:00:00,NVDA,-0.0054555132676421,0.00898321235731188
2024-04-03 04:00:00,NVDA,-0.0343846748678401,0.006614461927694789
2024-04-04 04:00:00,NVDA,0.0244805830330008,0.011031513983032008
2024-04-05 04:00:00,NVDA,-0.0099422776092865,-0.014174241936434207
2024-04-08 04:00:00,NVDA,-0.0204171426665115,0.0036102701473157213
2024-04-09 04:00:00,NVDA,0.0197413742939789,0.008745367534108865
2024-04-10 04:00:00,NVDA,0.04109647157492,-0.007550671299949976
2024-04-11 04:00:00,NVDA,-0.026816460417505,-0.011618305843957493
2024-04-12 04:00:00,NVDA,-0.0247771486709379,0.004958028946353915
2024-04-15 04:00:00,NVDA,0.0164416864208025,-0.0004764462952226585
2024-04-16 04:00:00,NVDA,-0.0386661009897396,0.0012778818064453955
2024-04-17 04:00:00,NVDA,0.0075682028893193,-0.0030011829671149817
2024-04-18 04:00:00,NVDA,-0.1000460713766637,0.0012947150591575032
2024-04-19 04:00:00,NVDA,0.0435433192433161,0.06405029049824237
2024-04-22 04:00:00,NVDA,0.0365325946552788,-0.03422195378274904
2024-04-23 04:00:00,NVDA,-0.0333158788660588,-0.0071697639834519
2024-04-24 04:00:00,NVDA,0.0370872618022595,0.014100230906865453
2024-04-25 04:00:00,NVDA,0.0617556950391764,-0.009998871496355265
2024-04-26 04:00:00,NVDA,0.000250791288255,-0.001558697052090769
2024-04-29 04:00:00,NVDA,-0.0154404013184628,0.002975153838394001
2024-04-30 04:00:00,NVDA,-0.038899563024183,0.006857972617831673
2024-05-01 04:00:00,NVDA,0.0334292814913155,0.007520417443614114
2024-05-02 04:00:00,NVDA,0.0346318337341973,0.005707038299515927
2024-05-03 04:00:00,NVDA,0.0377411376355159,-0.008758044744447455
2024-05-06 04:00:00,NVDA,-0.0172129210512499,-0.01290114406213675
2024-05-07 04:00:00,NVDA,-0.0015681062092862,-0.0062199347055374036
2024-05-08 04:00:00,NVDA,-0.0184157066353926,-0.002865674232561408
2024-05-09 04:00:00,NVDA,0.0127440553832807,-0.002262704771586339
2024-05-10 04:00:00,NVDA,0.0057967882317959,0.0011878221590677614
2024-05-13 04:00:00,NVDA,0.0105864081511191,0.0037724707049446925
2024-05-14 04:00:00,NVDA,0.0358377593719301,0.002797142201814155
2024-05-15 04:00:00,NVDA,-0.002863744072868,-0.0029005782778360307
2024-05-16 04:00:00,NVDA,-0.0199239591316916,0.005107771781751773
2024-05-17 04:00:00,NVDA,0.0248813524700555,0.006778148912229109
2024-05-20 04:00:00,NVDA,0.006393783661343,0.0015216332904551518
2024-05-21 04:00:00,NVDA,-0.0045709499446265,-0.0015672194782673729
2024-05-22 04:00:00,NVDA,0.0931964922300698,0.00235325293761307
2024-05-23 04:00:00,NVDA,0.0257227726309086,0.0088965693109394
2024-05-24 04:00:00,NVDA,0.0698043475846295,-0.0014590989949036675
2024-05-28 04:00:00,NVDA,0.0081122726205877,-0.0025504687437438323
2024-05-29 04:00:00,NVDA,-0.0376659879224008,-0.0014495610249526717
2024-05-30 04:00:00,NVDA,-0.007846124571373,0.01371578750102183
2024-05-31 04:00:00,NVDA,0.0489542072804407,0.0050556527341298445
2024-06-03 04:00:00,NVDA,0.0124956213909646,-0.0030958663168410188
2024-06-04 04:00:00,NVDA,0.051555829881867,-0.0007954809203540228
2024-06-05 04:00:00,NVDA,-0.0117772077264005,-0.022196924061425503
2024-06-06 04:00:00,NVDA,-0.0009091109716919,0.0030613503120454394
2024-06-07 04:00:00,NVDA,0.0074614554265337,-0.01398543904520834
2024-06-10 04:00:00,NVDA,-0.0072255295738796,-0.016010937012985595
2024-06-11 04:00:00,NVDA,0.0354808796311136,-0.01197135631539892
2024-06-12 04:00:00,NVDA,0.0352236722811778,-0.004361835259554157
2024-06-13 04:00:00,NVDA,0.017514113585149,-0.01002200088489567
2024-06-14 04:00:00,NVDA,-0.0068244549738466,-0.009941908730340636
2024-06-17 04:00:00,NVDA,0.0351199133727597,-0.012661549344233733
2024-06-18 04:00:00,NVDA,-0.0354034738673264,-0.009660995238208686
2024-06-20 04:00:00,NVDA,-0.0321914598850655,-0.007740672366220562
2024-06-21 04:00:00,NVDA,-0.066840476454695,-0.010386617959781857
2024-06-24 04:00:00,NVDA,0.0675640986055474,-0.009417839341693528
2024-06-25 04:00:00,NVDA,0.0024586025615984,-0.018855139164496274
2024-06-26 04:00:00,NVDA,-0.0190664844384196,-0.0160002097973418
2024-06-27 04:00:00,NVDA,-0.0036293003951544,-0.015781652485225235
2024-06-28 04:00:00,NVDA,0.0061518708968613,-0.015961186826219415
2024-07-01 04:00:00,NVDA,-0.0131134741978545,-0.010143020892455081
2024-07-02 04:00:00,NVDA,0.0457324585806651,-0.0021643599658581385
2024-07-03 04:00:00,NVDA,-0.0190988226657015,-0.03213538992302211
2024-07-05 04:00:00,NVDA,0.0188348969458775,0.006953696618636072
2024-07-08 04:00:00,NVDA,0.0248050546822879,-0.0013238222731913104
2024-07-09 04:00:00,NVDA,0.0268686150715669,-0.007219726567341013
2024-07-10 04:00:00,NVDA,-0.0556667551135773,-0.010906274843507506
2024-07-11 04:00:00,NVDA,0.0144427311243899,0.0015586336814908423
2024-07-12 04:00:00,NVDA,-0.0061900573951935,-0.0016001766544718019
2024-07-15 04:00:00,NVDA,-0.0161943459320905,0.0016470223568693567
2024-07-16 04:00:00,NVDA,-0.0662393376555299,0.0018693890280535475
2024-07-17 04:00:00,NVDA,0.0262734005445135,0.017649385695375712
2024-07-18 04:00:00,NVDA,-0.0260962600403188,-0.014325335451627987
2024-07-19 04:00:00,NVDA,0.0475705977769369,-0.004677867337753629
2024-07-22 04:00:00,NVDA,-0.0076898540601946,-0.02967851830029926
2024-07-23 04:00:00,NVDA,-0.0680316223756413,-0.0004854397057968017
2024-07-24 04:00:00,NVDA,-0.017242899087117,0.009549316078237887
2024-07-25 04:00:00,NVDA,0.0069469076218116,0.00177844087234603
2024-07-26 04:00:00,NVDA,-0.0130019569471625,-0.006732391848975398
2024-07-29 04:00:00,NVDA,-0.0704363584452252,-0.015086779062681112
2024-07-30 04:00:00,NVDA,0.1281210147116462,0.01723823990199365
2024-07-31 04:00:00,NVDA,-0.066740709132096,-0.04496648342354233
2024-08-01 04:00:00,NVDA,-0.0177639635351125,0.008521308880016084
2024-08-02 04:00:00,NVDA,-0.0635778867181033,-0.00159449612206725
2024-08-05 04:00:00,NVDA,0.0378297975829287,0.0027440163119462108
2024-08-06 04:00:00,NVDA,-0.0512229864545863,-0.025049772726630296
2024-08-07 04:00:00,NVDA,0.0612677922780748,0.01647106239910712
2024-08-08 04:00:00,NVDA,-0.0020958485104765,-0.03682533450404245
2024-08-09 04:00:00,NVDA,0.0407636911032591,0.003068873359535933
2024-08-12 04:00:00,NVDA,0.0653091447974729,-0.006819206532373313
2024-08-13 04:00:00,NVDA,0.016703999066657,-0.012849851063269378
2024-08-14 04:00:00,NVDA,0.04048101884463,0.003240075960351849
2024-08-15 04:00:00,NVDA,0.0139996842923522,0.005609805207012533
2024-08-16 04:00:00,NVDA,0.0435061654301105,0.015875626974250778
2024-08-19 04:00:00,NVDA,-0.0211538461538461,4.076159762890228e-06
2024-08-20 04:00:00,NVDA,0.0098231827111985,0.012188418766644265
2024-08-21 04:00:00,NVDA,-0.0370428181807819,0.008555140509975266
2024-08-22 04:00:00,NVDA,0.045498604740694,0.004620909159959862
2024-08-23 04:00:00,NVDA,-0.0224935931247339,-0.0033721289241436876
2024-08-26 04:00:00,NVDA,0.0145500868306671,0.008571499266458999
2024-08-27 04:00:00,NVDA,-0.0209665033314229,0.014165688385490802
2024-08-28 04:00:00,NVDA,-0.063848453415261,-0.008557458215410518
2024-08-29 04:00:00,NVDA,0.0151373965824153,0.0003725402726545776
2024-08-30 04:00:00,NVDA,-0.0952500836472303,-0.009181825484786894
2024-09-03 04:00:00,NVDA,-0.016574082551179,0.03295483533255611
2024-09-04 04:00:00,NVDA,0.00941530937407,-0.009066148795905149
2024-09-05 04:00:00,NVDA,-0.0408543726408103,-0.005348755822804384
2024-09-06 04:00:00,NVDA,0.0353982235226331,0.0012542302381190842
2024-09-09 04:00:00,NVDA,0.0153094508756426,-0.015072862373330715
2024-09-10 04:00:00,NVDA,0.08149866153881,-0.0012173586871148424
2024-09-11 04:00:00,NVDA,0.019074464611122,-0.015871052644333698
2024-09-12 04:00:00,NVDA,-0.0003357471523608,-0.007040315640842126
2024-09-13 04:00:00,NVDA,-0.0194794267384338,-0.0025194378780904157
2024-09-16 04:00:00,NVDA,-0.0101901220572474,-0.0011159630594270353
2024-09-17 04:00:00,NVDA,-0.0192057588168714,-0.0019984827865853335
2024-09-18 04:00:00,NVDA,0.0396930395252694,-0.007364703984820555
2024-09-19 04:00:00,NVDA,-0.0158649588784901,0.001614566949525364
2024-09-20 04:00:00,NVDA,0.0022413977261248,-0.001068383742709771
2024-09-23 04:00:00,NVDA,0.0396525075317792,0.0006469804932786818
2024-09-24 04:00:00,NVDA,0.0218416425056553,0.0008165600454807288
2024-09-25 04:00:00,NVDA,0.0042911405564731,0.0028276944687594886
2024-09-26 04:00:00,NVDA,-0.0212834518716773,0.0015491895567575145
2024-09-27 04:00:00,NVDA,0.0003294968288678,0.0012426872608929508
2024-09-30 04:00:00,NVDA,-0.0365612841909197,0.006126693460936246
2024-10-01 04:00:00,NVDA,0.0158119527702658,0.007791342223310491
2024-10-02 04:00:00,NVDA,0.0336558691742092,-0.003799088919797724
2024-10-03 04:00:00,NVDA,0.0168498145749695,0.002122483417982921
2024-10-04 04:00:00,NVDA,0.022414369939159,-0.002464532035926482
2024-10-07 04:00:00,NVDA,0.0404791584679946,-0.0026593854609524925
2024-10-08 04:00:00,NVDA,-0.0018060463109819,-0.0001809355798825508
2024-10-09 04:00:00,NVDA,0.0162834810516083,-0.004552333768668906
2024-10-10 04:00:00,NVDA,-7.41377272972521e-05,-0.003558270691086795
2024-10-11 04:00:00,NVDA,0.0242581913830179,-0.005077893082074925
2024-10-14 04:00:00,NVDA,-0.0468602946149639,-0.001986715017902215
2024-10-15 04:00:00,NVDA,0.031306952326026,0.0020072704281058787
2024-10-16 04:00:00,NVDA,0.0089153510477093,-0.0012038971672688255
2024-10-17 04:00:00,NVDA,0.0078142655477406,0.0018062492915784164
2024-10-18 04:00:00,NVDA,0.0413768602454143,-0.0001996618081730304
2024-10-21 04:00:00,NVDA,-0.0008350871224681,-0.0038826543246566875
2024-10-22 04:00:00,NVDA,-0.0280660135251596,-0.0004472807684336608
2024-10-23 04:00:00,NVDA,0.0060906142045378,0.001029291786610875
2024-10-24 04:00:00,NVDA,0.0080477857314404,0.006872841105112803
2024-10-25 04:00:00,NVDA,-0.0072063661301007,0.011621604887143124
2024-10-28 04:00:00,NVDA,0.0051949594744078,0.0028050727216397007
2024-10-29 04:00:00,NVDA,-0.0135221498202433,0.008278722758566774
2024-10-30 04:00:00,NVDA,-0.0472226353092374,-0.0033605416330678363
2024-10-31 04:00:00,NVDA,0.0198855039084271,0.0028000487697831576
2024-11-01 04:00:00,NVDA,0.0048006586748474,-0.004781512070375245
2024-11-04 05:00:00,NVDA,0.0283719259372827,0.006082077991327366
2024-11-05 05:00:00,NVDA,0.0407404531416353,-0.0011585112694145914
2024-11-06 05:00:00,NVDA,0.0224572780630045,-0.010177855877656511
2024-11-07 05:00:00,NVDA,-0.0083960233678385,0.005737796541644305
2024-11-08 05:00:00,NVDA,-0.0160537173852826,0.0007338499675129688
2024-11-11 05:00:00,NVDA,0.0208591414971743,0.000752559329446794
2024-11-12 05:00:00,NVDA,-0.0136218835061527,0.005395396196351907
2024-11-13 05:00:00,NVDA,0.0033499023727536,-0.0007022808260143204
2024-11-14 05:00:00,NVDA,-0.0325701755124706,0.0003762138357269172
2024-11-15 05:00:00,NVDA,-0.0128891525998245,0.001465169536915237
2024-11-18 05:00:00,NVDA,0.048947562676445,0.001468182909877932
2024-11-19 05:00:00,NVDA,-0.0076184964222648,-0.0043327017836627575
2024-11-20 05:00:00,NVDA,0.0053464855888691,0.003543055225492346
2024-11-21 05:00:00,NVDA,-0.0321810955180232,0.0053392731908074855
2024-11-22 05:00:00,NVDA,-0.0417752222843896,-0.0016313373786002857
2024-11-25 05:00:00,NVDA,0.0066166289385023,0.003386756936637807
2024-11-26 05:00:00,NVDA,-0.0115395986867099,-0.000329912119140378
2024-11-27 05:00:00,NVDA,0.0215014315121173,-0.0036318123435604617
2024-11-29 05:00:00,NVDA,0.0027486790800181,-0.00815035141160623
2024-12-02 05:00:00,NVDA,0.0117578414961558,0.006089145270470717
2024-12-03 05:00:00,NVDA,0.0347925643371864,-0.0020715746091588775
2024-12-04 05:00:00,NVDA,-0.000551204570698,-0.00014387660229374814
2024-12-05 05:00:00,NVDA,-0.0180614584398377,0.0031547767396713057
2024-12-06 05:00:00,NVDA,-0.0254844483332954,-0.008809841652269106
2024-12-09 05:00:00,NVDA,-0.0269432339179769,-0.0070391527626564995
2024-12-10 05:00:00,NVDA,0.0313910565222479,0.009786243998104443
2024-12-11 05:00:00,NVDA,-0.0141411331220111,-0.005680777012196321
2024-12-12 05:00:00,NVDA,-0.0224988817553807,-0.00943475666004568
2024-12-13 05:00:00,NVDA,-0.0167597765363128,-0.0009292747008634354
2024-12-16 05:00:00,NVDA,-0.0121969743208452,-0.00019461810680852082
2024-12-17 05:00:00,NVDA,-0.0113505309798824,0.006559764160103149
2024-12-18 05:00:00,NVDA,0.0137304240430498,0.007950288855570338
2024-12-19 05:00:00,NVDA,0.0307622015440007,-0.0038869289209676012
2024-12-20 05:00:00,NVDA,0.0368968176191779,-0.004273538530133557
2024-12-23 05:00:00,NVDA,0.0039378754132475,6.274436723486727e-05
2024-12-24 05:00:00,NVDA,-0.0020682394979116,0.004139259383650811
2024-12-26 05:00:00,NVDA,-0.0208675646522112,0.00578808498073234
2024-12-27 05:00:00,NVDA,0.0035034742396415,-0.00410796189236527
